[{"@type":"mappingTemplate","id":"@1","name":"m_MYSQL_Snowflake","description":"","autoExpireObject":false,"bundleVersion":"0","assetFrsGuid":"0d8HuYFyJ0pfbAZui89sAX","templateId":"@3","deployTime":1605210960000,"hasParameters":true,"valid":true,"fixedConnection":true,"hasParametersDeployed":true,"fixedConnectionDeployed":true,"isSchemaValidationEnabled":false,"tasks":1,"mappingPreviewFileRecordId":"@2","documentType":"MAPPING","references":[{"@type":"reference","refObjectId":"@4YpRqLxa08GiXSdOMFlmAt","refType":"connection"}]}]