[{"@type":"mappingTemplate","id":"@1","name":"m_dbschema_update","description":"","bundleVersion":"0","templateId":"@3","deployTime":1619631901000,"hasParameters":false,"valid":true,"fixedConnection":true,"hasParametersDeployed":false,"fixedConnectionDeployed":true,"tasks":0,"mappingPreviewFileRecordId":"@2","documentType":"MAPPING","references":[{"@type":"reference","refObjectId":"@8S3CIFgskyPfElepJo39sL","refType":"connection"},{"@type":"reference","refObjectId":"@csaG1osDGkKg7bs2KP6Tsk","refType":"connection"}]}]