[{"@type":"mappingTemplate","id":"@1","name":"m_ff_GBQ_CharlesSchwab","description":"","bundleVersion":"0","templateId":"@3","deployTime":1653581143000,"hasParameters":false,"valid":true,"fixedConnection":true,"hasParametersDeployed":false,"fixedConnectionDeployed":true,"isSchemaValidationEnabled":false,"tasks":1,"mappingPreviewFileRecordId":"@2","documentType":"MAPPING","references":[{"@type":"reference","refObjectId":"@1eS7DLDaa97fyBxL3tmGAj","refType":"connection"},{"@type":"reference","refObjectId":"@8tggQSHW9btcvZ1Qp0sHcR","refType":"connection"}]}]