[{"@type":"mappingTemplate","id":"@1","name":"Dynamic_Schema-Change","description":"","autoExpireObject":false,"bundleVersion":"0","assetFrsGuid":"e9oSqBL1tADf1ehEeNgw2N","templateId":"@3","deployTime":1683754461000,"hasParameters":false,"valid":true,"fixedConnection":true,"hasParametersDeployed":false,"fixedConnectionDeployed":true,"isSchemaValidationEnabled":false,"tasks":0,"mappingPreviewFileRecordId":"@2","documentType":"MAPPING","references":[{"@type":"reference","refObjectId":"@1RWKgtCbTuchAzrV3oTngR","refType":"connection"}]}]