[{"@type":"mappingTemplate","id":"@1","name":"SnowflakeV1_testmap_Tracing","description":"","autoExpireObject":false,"bundleVersion":"0","assetFrsGuid":"34RyCjgLqm6bIzOR17Sm8h","templateId":"@3","deployTime":1619563693000,"hasParameters":false,"valid":true,"fixedConnection":true,"hasParametersDeployed":false,"fixedConnectionDeployed":true,"isSchemaValidationEnabled":false,"tasks":0,"mappingPreviewFileRecordId":"@2","documentType":"MAPPING","references":[{"@type":"reference","refObjectId":"@1oY462720U2jtJAqTdDuIP","refType":"connection"},{"@type":"reference","refObjectId":"@1eS7DLDaa97fyBxL3tmGAj","refType":"connection"}]}]