[{"@type":"mappingTemplate","id":"@1","name":"m_ff_GBQ_CharlesSchwab_Windows","description":"","bundleVersion":"0","templateId":"@3","deployTime":1659994743000,"hasParameters":false,"valid":true,"fixedConnection":true,"hasParametersDeployed":false,"fixedConnectionDeployed":true,"isSchemaValidationEnabled":false,"tasks":1,"mappingPreviewFileRecordId":"@2","documentType":"MAPPING","references":[{"@type":"reference","refObjectId":"@45P7sNWqIELlQUe3tLVsaq","refType":"connection"},{"@type":"reference","refObjectId":"@4kowiWmG1V8bGKIUo0wKQ3","refType":"connection"}]}]