[{"@type":"mappingTemplate","id":"@1","name":"Mapping23","description":"","autoExpireObject":false,"bundleVersion":"0","assetFrsGuid":"9P6RQnydneRd1MdSnkWiS2","templateId":"@2","hasParameters":false,"valid":false,"fixedConnection":true,"hasParametersDeployed":false,"fixedConnectionDeployed":false,"isSchemaValidationEnabled":false,"tasks":0,"documentType":"MAPPING","references":[{"@type":"reference","refObjectId":"@1oY462720U2jtJAqTdDuIP","refType":"connection"},{"@type":"reference","refObjectId":"@jG7UNWMRgskdbCakgjNnwc","refType":"connection"}]}]