[{"@type":"mappingTemplate","id":"@1","name":"Redshfit_Snowflake_Upsert","description":"","autoExpireObject":false,"bundleVersion":"0","assetFrsGuid":"3HWU9sYLMcQdCzNvGyotUa","templateId":"@3","deployTime":1601410651000,"hasParameters":false,"valid":true,"fixedConnection":true,"hasParametersDeployed":false,"fixedConnectionDeployed":true,"isSchemaValidationEnabled":false,"tasks":0,"mappingPreviewFileRecordId":"@2","documentType":"","references":[{"@type":"reference","refObjectId":"@kXSc8AmnAmNc0fmIfl5YQj","refType":"connection"},{"@type":"reference","refObjectId":"@3deLqjHJjBPit7uLf2I4UF","refType":"connection"}]}]