[{"@type":"mappingTemplate","id":"@1","name":"m_dbschema_update","description":"","autoExpireObject":false,"bundleVersion":"0","assetFrsGuid":"ljoqcLvT1onfKlgqB8MVeh","templateId":"@3","deployTime":1619631803000,"hasParameters":false,"valid":true,"fixedConnection":true,"hasParametersDeployed":false,"fixedConnectionDeployed":true,"isSchemaValidationEnabled":false,"tasks":0,"mappingPreviewFileRecordId":"@2","documentType":"MAPPING","references":[{"@type":"reference","refObjectId":"@csaG1osDGkKg7bs2KP6Tsk","refType":"connection"},{"@type":"reference","refObjectId":"@8S3CIFgskyPfElepJo39sL","refType":"connection"}]}]