[{"@type":"mtTask","id":"@1","name":"s_Reset_Load_Info","description":"\r\nConverted using O2N","runtimeEnvironmentId":"@0q08VIDbIMpfOvkfmJZa02","maxLogs":10,"verbose":false,"mappingId":"@0225VEA3XiGdI5e69Vt5Ux","frsGuid":"kPCyHtzbAKLhVKHcXyJr0N","shortDescription":"\r\nConverted using O2N","sessionPropertiesList":[{"name":"Additional Concurrent Pipelines for Lookup Cache Creation","value":"Auto","recommended":false},{"name":"Allow Pushdown for User Incompatible Connections","value":"NO","recommended":false},{"name":"Allow Temporary Sequence for Pushdown","value":"NO","recommended":false},{"name":"Allow Temporary View for Pushdown","value":"NO","recommended":false},{"name":"Cache LOOKUP() function","value":"YES","recommended":false},{"name":"Commit Interval","value":"10000","recommended":false},{"name":"Commit On End Of File","value":"YES","recommended":false},{"name":"Commit Type","value":"Target","recommended":false},{"name":"Constraint based load ordering","value":"NO","recommended":false},{"name":"Data Column Delimiter","value":"|","recommended":false},{"name":"DateTime Format String","value":"MM/DD/YYYY HH24:MI:SS.US","recommended":false},{"name":"Default buffer block size","value":"Auto","recommended":false},{"name":"DTM buffer size","value":"Auto","recommended":false},{"name":"Error Log File Name","value":"PMError.log","recommended":false},{"name":"Error Log Type","value":"None","recommended":false},{"name":"Incremental Aggregation","value":"NO","recommended":false},{"name":"Line Sequential buffer length","value":"1024","recommended":false},{"name":"Log Row Data","value":"YES","recommended":false},{"name":"Log Source Row Data","value":"NO","recommended":false},{"name":"Maximum Memory Allowed For Auto Memory Attributes","value":"512MB","recommended":false},{"name":"Maximum Percentage of Total Memory Allowed For Auto Memory Attributes","value":"5","recommended":false},{"name":"On Pre-Post SQL error","value":"Stop","recommended":false},{"name":"On Pre-session command task error","value":"Stop","recommended":false},{"name":"On Stored Procedure error","value":"Stop","recommended":false},{"name":"Override tracing","value":"None","recommended":false},{"name":"Pre 85 Timestamp Compatibility","value":"NO","recommended":false},{"name":"Pushdown Optimization","value":"None","recommended":false},{"name":"Rollback Transactions on Errors","value":"NO","recommended":false},{"name":"Session Log File directory","value":"$PMSessionLogDir\\","recommended":false},{"name":"Session Log File Name","value":"$CurrentTaskName_$$runId$$.log","recommended":false},{"name":"Session retry on deadlock","value":"NO","recommended":false},{"name":"Session Sort Order","value":"BINARY","recommended":false},{"name":"Stop on errors","value":"0","recommended":false},{"name":"Treat source rows as","value":"Update","recommended":false},{"name":"Write Backward Compatible Session Log File","value":"NO","recommended":false}],"enableCrossSchemaPushdown":false,"enableParallelRun":false,"autoTunedApplied":false,"autoTunedAppliedType":"NONE","paramFileType":"PARAM_FILE_LOCAL","schemaMode":"async","serverlessProperties":{},"taskProperties":[{"@type":"taskProperty","name":"parameterFileDir","currentValue":"","type":"STRING","label":"label.parameterFileDir","required":false},{"@type":"taskProperty","name":"parameterFileName","currentValue":"","type":"STRING","label":"label.parameterFileName","required":false}],"parameters":[{"@type":"mtTaskParameter","id":588295633,"name":"$SQ_Load_Info$","type":"EXTENDED_SOURCE","label":"SQ_Load_InfoSrcParameter","description":"","uiProperties":{"cnxtype":"Google Big Query V2","connectionParameterized":"true","logcnx":"SQ_Load_InfoSrcParameter","isMsrcFilterParameterized":"true","isMsrcSortParameterized":"false","msrcFilterDefault":"Load_Name = '$$wf_Load_Name'","msrcFilterParamDesc":"","objectParameterized":"false","originalPath":"SQ_Load_Info"},"sourceConnectionId":"@3fAXIdK4dQuhCr0S9f1FEF","newFlatFile":false,"newObject":false,"showBusinessNames":true,"naturalOrder":true,"truncateTarget":false,"bulkApiDBTarget":false,"customFuncCfg":{"@type":"customFuncConfig","id":-1,"connections":[],"inputMap":[],"outputFields":[]},"targetRefsV2":{},"targetUpdateColumns":[],"extendedObject":{"@type":"extendedObject","object":{"@type":"mObject","name":"IDW_DATA/LOAD_STAT_TRK_T","label":"LOAD_STAT_TRK_T","metadataUpdated":false,"relations":[],"children":[]},"advancedFilterExpression":"LOAD_STAT_TRK_T.load_name='$$wf_Load_Name'","singleMode":true,"objects":[{"@type":"mObject","name":"IDW_DATA/LOAD_STAT_TRK_T","label":"LOAD_STAT_TRK_T","metadataUpdated":false,"relations":[],"children":[]}],"filters":[],"sortFields":[]},"runtimeAttrs":{"Number of Rows to Read":"0","Enable Staging File Compression":"YES"},"oprRuntimeAttrs":{"compression":"YES","numOfRowsToRead":"0"},"isRESTModernSource":true,"isFileList":false,"handleSpecialChars":false,"frsAsset":false,"dynamicFileName":false,"excludeDynamicFileNameField":false,"currentlyProcessedFileName":false,"retainFieldMetadata":false,"useExactSrcNames":false,"fetchMode":"ORIGINAL","tgtObjectAttributes":{},"runtimeParameterData":{"@type":"mtTaskRuntimeParameterData","isConnectionRuntimeParameter":false,"isObjectRuntimeParameter":false,"connectionParameterName":"SQ_Load_InfoSrcParameter"},"overridableProperties":[],"overriddenFields":[]},{"@type":"mtTaskParameter","id":588295636,"name":"$LOAD_STAT_TRK_T$","type":"TARGET","label":"LOAD_STAT_TRK_TTgtParameter","description":"","uiProperties":{"cnxtype":"Google Big Query V2","connectionParameterized":"true","logcnx":"LOAD_STAT_TRK_TTgtParameter","default":"IDW_DATA/LOAD_STAT_TRK_T","objectParameterized":"false","visible":"false","defaultTargetUpdateColumns":"Load_Name","supportApplyDDLChanges":"false","originalPath":"LOAD_STAT_TRK_T"},"targetConnectionId":"@3fAXIdK4dQuhCr0S9f1FEF","targetObject":"IDW_DATA/LOAD_STAT_TRK_T","targetObjectLabel":"LOAD_STAT_TRK_T","newFlatFile":false,"newObject":false,"showBusinessNames":true,"naturalOrder":true,"truncateTarget":false,"bulkApiDBTarget":false,"operationType":"Update","customFuncCfg":{"@type":"customFuncConfig","id":-1,"connections":[],"inputMap":[],"outputFields":[]},"targetRefsV2":{},"targetUpdateColumns":["Load_Name"],"extendedObject":{"@type":"extendedObject","singleMode":true,"filters":[],"sortFields":[]},"runtimeAttrs":{},"isRESTModernSource":true,"isFileList":false,"handleSpecialChars":false,"frsAsset":false,"dynamicFileName":false,"excludeDynamicFileNameField":false,"currentlyProcessedFileName":false,"retainFieldMetadata":false,"objectName":"IDW_DATA/LOAD_STAT_TRK_T","objectLabel":"LOAD_STAT_TRK_T","useExactSrcNames":false,"fetchMode":"ORIGINAL","tgtObjectAttributes":{},"runtimeParameterData":{"@type":"mtTaskRuntimeParameterData","isConnectionRuntimeParameter":false,"isObjectRuntimeParameter":false,"connectionParameterName":"LOAD_STAT_TRK_TTgtParameter"},"overridableProperties":[],"overriddenFields":[]}],"sequences":[],"inOutParameters":[{"@type":"mtTaskInOutParameter","id":"-1","name":"IDW_SCHEMA","description":"","initialValue":"IDW_DATA","datatype":"STRING","precision":"50","scale":"0","retentionPolicy":"ON_SUCCESS_OR_WARNING","aggregationType":"MAX","currentValue":"IDW_DATA"},{"@type":"mtTaskInOutParameter","id":"-1","name":"wf_Load_Name","description":"","initialValue":"SBI TSS CNTCT_T","datatype":"STRING","precision":"50","scale":"0","retentionPolicy":"ON_SUCCESS_OR_WARNING","aggregationType":"MAX","currentValue":"AI_Portal"}],"connRuntimeAttrs":[]}]