[{"@type":"mtTask","id":"@1","name":"s_m_pub_ctam_ipr_talent","description":"Session pushed from PC to ICS : s_m_pub_ctam_ipr_talent","runtimeEnvironmentId":"@3TRdymd0I7nj1azisVoLqs","maxLogs":10,"verbose":false,"mappingId":"@8NexgkcyR8qgx6fyC7OA2S","frsGuid":"2IxnjCwLjdQbKxptalL4a3","shortDescription":"Session pushed from PC to ICS : s_m_pub_ctam_ipr_t...","sessionPropertiesList":[{"name":"Allow Temporary Sequence for Pushdown","value":"NO","recommended":false},{"name":"Allow Temporary View for Pushdown","value":"NO","recommended":false},{"name":"Data Column Delimiter","value":"|","recommended":false},{"name":"Error Log File Name","value":"PMError.log","recommended":false},{"name":"Pushdown Optimization","value":"None","recommended":false},{"name":"Pushdown Optimization Context","value":"None","recommended":false},{"name":"Pushdown Optimization Fallback Option","value":"Partial PDO","recommended":false}],"hidden":false,"enableCrossSchemaPushdown":false,"enableParallelRun":false,"autoTunedApplied":false,"autoTunedAppliedType":"NONE","paramFileType":"PARAM_FILE_LOCAL","schemaMode":"async","valid":true,"schemaValidationErrorCount":-1,"serverlessProperties":{},"taskProperties":[{"@type":"taskProperty","name":"parameterFileDir","currentValue":"","type":"STRING","label":"label.parameterFileDir","required":false},{"@type":"taskProperty","name":"parameterFileName","currentValue":"","type":"STRING","label":"label.parameterFileName","required":false},{"@type":"taskProperty","name":"outboundMessageUrlQueueTime","currentValue":"","type":"NUMBER","label":"label.outboundMessageUrlQueueTime","required":false},{"@type":"taskProperty","name":"outboundMessageUrlToken","currentValue":"","type":"STRING","label":"label.outboundMessageUrlToken","required":false}],"optimizationPlan":"NONE","isMidstreamPreview":false,"parameters":[{"@type":"mtTaskParameter","id":896600293,"name":"$SQ_V_TALENT$","type":"EXTENDED_SOURCE","label":"DBConnection_ctam","description":"","uiProperties":{"cnxtype":"Oracle","connectionParameterized":"true","paramName":"DBConnection_ctam","paramLabel":"","paramType-mapping":"Connection","logcnx":"DBConnection_ctam","isSelectDistinct":"false","isMsrcFilterParameterized":"true","isMsrcSortParameterized":"false","msrcFilterDefault":"LAST_UPDATE_DATE > TO_TIMESTAMP('$$Delta_timestamp' ,'YYYY/MM/DD HH24:MI:SS.FF6') AND LAST_UPDATE_DATE < TRUNC(TO_DATE('$$End_Delta_timestamp','MM/DD/YYYY HH24:MI:SS'))","msrcFilterParamDesc":"","isFFRetainMetaData":"true","objectParameterized":"false","isCustomQueryRetainMetaData":"true"},"sourceConnectionId":"@bU7YPXezIUafcTspHmdNEo","newFlatFile":false,"newObject":false,"showBusinessNames":true,"naturalOrder":true,"truncateTarget":false,"bulkApiDBTarget":false,"srcFFAttrs":{"@type":"flatFileAttrs","id":96099727,"delimiter":"|","textQualifier":"NONE","escapeChar":"","headerLineNo":1,"firstDataRow":2,"rowDelimiter":0,"consecutiveDelimiter":false,"multiDelimitersAsAnd":true},"customFuncCfg":{"@type":"customFuncConfig","id":-1,"connections":[],"inputMap":[],"outputFields":[]},"targetRefsV2":{},"targetUpdateColumns":[],"extendedObject":{"@type":"extendedObject","object":{"@type":"mObject","name":"V_TALENT","label":"V_TALENT","metadataUpdated":false,"relations":[],"children":[]},"advancedFilterExpression":"LAST_UPDATE_DATE > TO_TIMESTAMP('$$Delta_timestamp' ,'MM/DD/YYYY HH24:MI:SS') AND LAST_UPDATE_DATE < TRUNC(TO_DATE('$$End_Delta_timestamp','MM/DD/YYYY HH24:MI:SS'))","singleMode":true,"objects":[{"@type":"mObject","name":"V_TALENT","label":"V_TALENT","metadataUpdated":false,"relations":[],"children":[]}],"filters":[],"sortFields":[]},"runtimeAttrs":{},"isRESTModernSource":true,"isFileList":false,"handleSpecialChars":false,"handleDecimalRoundOff":false,"frsAsset":false,"dynamicFileName":false,"excludeDynamicFileNameField":false,"currentlyProcessedFileName":false,"retainFieldMetadata":false,"useExactSrcNames":false,"fetchMode":"ORIGINAL","tgtObjectAttributes":{},"runtimeParameterData":{"@type":"mtTaskRuntimeParameterData","isConnectionRuntimeParameter":true,"isObjectRuntimeParameter":false,"connectionParameterName":"DBConnection_ctam"},"overridableProperties":[],"overriddenFields":[]},{"@type":"mtTaskParameter","id":896600294,"name":"$SQ_V_TALENT_unchagned_new$","type":"EXTENDED_SOURCE","label":"DBConnection_ctam","description":"","uiProperties":{"cnxtype":"Oracle","connectionParameterized":"true","paramName":"DBConnection_ctam","paramLabel":"","paramType-mapping":"Connection","logcnx":"DBConnection_ctam","isSelectDistinct":"false","isMsrcFilterParameterized":"true","isMsrcSortParameterized":"false","msrcFilterDefault":"LAST_UPDATE_DATE <= TO_TIMESTAMP('$$Delta_timestamp' ,'YYYY/MM/DD HH24:MI:SS.FF6')","msrcFilterParamDesc":"","isFFRetainMetaData":"true","objectParameterized":"false","isCustomQueryRetainMetaData":"true"},"sourceConnectionId":"@bU7YPXezIUafcTspHmdNEo","newFlatFile":false,"newObject":false,"showBusinessNames":true,"naturalOrder":true,"truncateTarget":false,"bulkApiDBTarget":false,"srcFFAttrs":{"@type":"flatFileAttrs","id":96099728,"delimiter":"|","textQualifier":"NONE","escapeChar":"","headerLineNo":1,"firstDataRow":2,"rowDelimiter":0,"consecutiveDelimiter":false,"multiDelimitersAsAnd":true},"customFuncCfg":{"@type":"customFuncConfig","id":-1,"connections":[],"inputMap":[],"outputFields":[]},"targetRefsV2":{},"targetUpdateColumns":[],"extendedObject":{"@type":"extendedObject","object":{"@type":"mObject","name":"V_TALENT","label":"V_TALENT","metadataUpdated":false,"relations":[],"children":[]},"advancedFilterExpression":"LAST_UPDATE_DATE <= TO_TIMESTAMP('$$Delta_timestamp' ,'MM/DD/YYYY HH24:MI:SS')","singleMode":true,"objects":[{"@type":"mObject","name":"V_TALENT","label":"V_TALENT","metadataUpdated":false,"relations":[],"children":[]}],"filters":[],"sortFields":[]},"runtimeAttrs":{},"isRESTModernSource":true,"isFileList":false,"handleSpecialChars":false,"handleDecimalRoundOff":false,"frsAsset":false,"dynamicFileName":false,"excludeDynamicFileNameField":false,"currentlyProcessedFileName":false,"retainFieldMetadata":false,"useExactSrcNames":false,"fetchMode":"ORIGINAL","tgtObjectAttributes":{},"runtimeParameterData":{"@type":"mtTaskRuntimeParameterData","isConnectionRuntimeParameter":true,"isObjectRuntimeParameter":false,"connectionParameterName":"DBConnection_ctam"},"overridableProperties":[],"overriddenFields":[]},{"@type":"mtTaskParameter","id":896600295,"name":"$SQ_ipr_talent1$","type":"EXTENDED_SOURCE","label":"DBConnection_ipr","description":"","uiProperties":{"cnxtype":"MySQL","connectionParameterized":"true","paramName":"DBConnection_ipr","paramLabel":"","paramType-mapping":"Connection","logcnx":"DBConnection_ipr","isSelectDistinct":"false","isMsrcFilterParameterized":"false","isMsrcSortParameterized":"false","isFFRetainMetaData":"true","objectParameterized":"false","visible":"false","isCustomQueryRetainMetaData":"true"},"sourceConnectionId":"@1tXJUSD7yoHiA0ybdi4gAA","newFlatFile":false,"newObject":false,"showBusinessNames":true,"naturalOrder":true,"truncateTarget":false,"bulkApiDBTarget":false,"srcFFAttrs":{"@type":"flatFileAttrs","id":96099729,"delimiter":"|","textQualifier":"NONE","escapeChar":"","headerLineNo":1,"firstDataRow":2,"rowDelimiter":0,"consecutiveDelimiter":false,"multiDelimitersAsAnd":true},"customFuncCfg":{"@type":"customFuncConfig","id":-1,"connections":[],"inputMap":[],"outputFields":[]},"targetRefsV2":{},"targetUpdateColumns":[],"extendedObject":{"@type":"extendedObject","object":{"@type":"mObject","name":"ipr_talent","label":"ipr_talent","metadataUpdated":false,"relations":[],"children":[]},"singleMode":true,"objects":[{"@type":"mObject","name":"ipr_talent","label":"ipr_talent","metadataUpdated":false,"relations":[],"children":[]}],"filters":[],"sortFields":[]},"runtimeAttrs":{},"isRESTModernSource":true,"isFileList":false,"handleSpecialChars":false,"handleDecimalRoundOff":false,"frsAsset":false,"dynamicFileName":false,"excludeDynamicFileNameField":false,"currentlyProcessedFileName":false,"retainFieldMetadata":false,"useExactSrcNames":false,"fetchMode":"ORIGINAL","tgtObjectAttributes":{},"runtimeParameterData":{"@type":"mtTaskRuntimeParameterData","isConnectionRuntimeParameter":true,"isObjectRuntimeParameter":false,"connectionParameterName":"DBConnection_ipr"},"overridableProperties":[],"overriddenFields":[]},{"@type":"mtTaskParameter","id":896600296,"name":"$mplt_update_audit_status_from_file_SQ_c_ipr_etl_audit_file$","type":"EXTENDED_SOURCE","label":"mplt_update_audit_status_from_file_SQ_c_ipr_etl_audit_fileSrcParameter","description":"","uiProperties":{},"sourceConnectionId":"@9iHYw5fnEMEkp7huznjjIZ","newFlatFile":false,"newObject":false,"showBusinessNames":true,"naturalOrder":true,"truncateTarget":false,"bulkApiDBTarget":false,"srcFFAttrs":{"@type":"flatFileAttrs","id":96099730,"delimiter":",","textQualifier":"NONE","escapeChar":"","headerLineNo":2147483647,"firstDataRow":1,"rowDelimiter":0,"consecutiveDelimiter":false,"multiDelimitersAsAnd":true},"customFuncCfg":{"@type":"customFuncConfig","id":-1,"connections":[],"inputMap":[],"outputFields":[]},"targetRefsV2":{},"targetUpdateColumns":[],"extendedObject":{"@type":"extendedObject","object":{"@type":"mObject","name":"c_ipr_etl_audit_file_s_m_pub_ctam_ipr_merge_winner_loser_upd.txt","label":"c_ipr_etl_audit_file_s_m_pub_ctam_ipr_merge_winner_loser_upd.txt","metadataUpdated":false,"relations":[],"children":[]},"singleMode":true,"objects":[{"@type":"mObject","name":"c_ipr_etl_audit_file_s_m_pub_ctam_ipr_merge_winner_loser_upd.txt","label":"c_ipr_etl_audit_file_s_m_pub_ctam_ipr_merge_winner_loser_upd.txt","metadataUpdated":false,"relations":[],"children":[]}],"filters":[],"sortFields":[]},"runtimeAttrs":{},"isRESTModernSource":true,"isFileList":false,"handleSpecialChars":false,"handleDecimalRoundOff":false,"frsAsset":false,"dynamicFileName":false,"excludeDynamicFileNameField":false,"currentlyProcessedFileName":false,"retainFieldMetadata":false,"useExactSrcNames":false,"fetchMode":"ORIGINAL","tgtObjectAttributes":{},"runtimeParameterData":{"@type":"mtTaskRuntimeParameterData","isConnectionRuntimeParameter":true,"isObjectRuntimeParameter":false,"connectionParameterName":"mplt_update_audit_status_from_file_SQ_c_ipr_etl_audit_fileSrcParameter"},"overridableProperties":[{"@type":"overridableProperty","id":"defaultPrecision","labelKey":"mplt_update_audit_status_from_file_SQ_c_ipr_etl_audit_file_defaultPrecision","type":"integer","hidden":false,"required":false,"defaultValue":"","renderingHints":{}},{"@type":"overridableProperty","id":"defaultScale","labelKey":"mplt_update_audit_status_from_file_SQ_c_ipr_etl_audit_file_defaultScale","type":"integer","hidden":false,"required":false,"defaultValue":"","renderingHints":{}},{"@type":"overridableProperty","id":"defaultNativeDataType","labelKey":"mplt_update_audit_status_from_file_SQ_c_ipr_etl_audit_file_defaultNativeDataType","type":"string","hidden":false,"required":false,"defaultValue":"","renderingHints":{}}],"overriddenFields":[]},{"@type":"mtTaskParameter","id":896600297,"name":"$F_oblivion_s_m_pub_ctam_ipr_talent$","type":"TARGET","label":"F_oblivion_s_m_pub_ctam_ipr_talentTgtParameter","description":"","uiProperties":{"cnxtype":"CSVFile","connectionParameterized":"true","paramName":"F_oblivion_s_m_pub_ctam_ipr_talentTgtParameter","paramLabel":"","paramType-mapping":"Connection","logcnx":"F_oblivion_s_m_pub_ctam_ipr_talentTgtParameter","default":"f_oblivion_s_m_pub_ctam_ipr_talent1.out","objectParameterized":"false","visible":"false","defaultTargetUpdateColumns":"","supportApplyDDLChanges":"false"},"targetConnectionId":"@9iHYw5fnEMEkp7huznjjIZ","targetObject":"f_oblivion_s_m_pub_ctam_ipr_talent1.out","targetObjectLabel":"f_oblivion_s_m_pub_ctam_ipr_talent1.out","newFlatFile":false,"newObject":true,"showBusinessNames":true,"naturalOrder":true,"newObjectName":"f_oblivion_s_m_pub_ctam_ipr_talent1.out","truncateTarget":false,"bulkApiDBTarget":false,"operationType":"Insert","tgtFFAttrs":{"@type":"flatFileAttrs","id":96099731,"delimiter":",","textQualifier":"NONE","escapeChar":"","headerLineNo":1,"rowDelimiter":0,"consecutiveDelimiter":false,"multiDelimitersAsAnd":true},"customFuncCfg":{"@type":"customFuncConfig","id":-1,"connections":[],"inputMap":[],"outputFields":[]},"targetRefsV2":{},"targetUpdateColumns":[],"extendedObject":{"@type":"extendedObject","singleMode":true,"filters":[],"sortFields":[]},"runtimeAttrs":{},"isRESTModernSource":true,"isFileList":false,"handleSpecialChars":false,"handleDecimalRoundOff":false,"frsAsset":false,"dynamicFileName":false,"excludeDynamicFileNameField":false,"currentlyProcessedFileName":false,"retainFieldMetadata":false,"objectName":"f_oblivion_s_m_pub_ctam_ipr_talent1.out","objectLabel":"f_oblivion_s_m_pub_ctam_ipr_talent1.out","useExactSrcNames":false,"fetchMode":"ORIGINAL","tgtObjectAttributes":{},"runtimeParameterData":{"@type":"mtTaskRuntimeParameterData","isConnectionRuntimeParameter":true,"isObjectRuntimeParameter":false,"connectionParameterName":"F_oblivion_s_m_pub_ctam_ipr_talentTgtParameter"},"overridableProperties":[],"overriddenFields":[]},{"@type":"mtTaskParameter","id":896600298,"name":"$c_ipr_etl_audit_file_s_m_pub_ctam_ipr_talent$","type":"TARGET","label":"c_ipr_etl_audit_file_s_m_pub_ctam_ipr_talentTgtParameter","description":"","uiProperties":{"cnxtype":"CSVFile","connectionParameterized":"true","paramName":"c_ipr_etl_audit_file_s_m_pub_ctam_ipr_talentTgtParameter","paramLabel":"","paramType-mapping":"Connection","logcnx":"c_ipr_etl_audit_file_s_m_pub_ctam_ipr_talentTgtParameter","default":"c_ipr_etl_audit_file_s_m_pub_ctam_ipr_talent1.out","objectParameterized":"false","visible":"false","defaultTargetUpdateColumns":"","supportApplyDDLChanges":"false"},"targetConnectionId":"@9iHYw5fnEMEkp7huznjjIZ","targetObject":"c_ipr_etl_audit_file_s_m_pub_ctam_ipr_talent1.out","targetObjectLabel":"c_ipr_etl_audit_file_s_m_pub_ctam_ipr_talent1.out","newFlatFile":false,"newObject":true,"showBusinessNames":true,"naturalOrder":true,"newObjectName":"c_ipr_etl_audit_file_s_m_pub_ctam_ipr_talent1.out","truncateTarget":false,"bulkApiDBTarget":false,"operationType":"Insert","tgtFFAttrs":{"@type":"flatFileAttrs","id":96099732,"delimiter":",","textQualifier":"NONE","escapeChar":"","headerLineNo":1,"rowDelimiter":0,"consecutiveDelimiter":false,"multiDelimitersAsAnd":true},"customFuncCfg":{"@type":"customFuncConfig","id":-1,"connections":[],"inputMap":[],"outputFields":[]},"targetRefsV2":{},"targetUpdateColumns":[],"extendedObject":{"@type":"extendedObject","singleMode":true,"filters":[],"sortFields":[]},"runtimeAttrs":{},"isRESTModernSource":true,"isFileList":false,"handleSpecialChars":false,"handleDecimalRoundOff":false,"frsAsset":false,"dynamicFileName":false,"excludeDynamicFileNameField":false,"currentlyProcessedFileName":false,"retainFieldMetadata":false,"objectName":"c_ipr_etl_audit_file_s_m_pub_ctam_ipr_talent1.out","objectLabel":"c_ipr_etl_audit_file_s_m_pub_ctam_ipr_talent1.out","useExactSrcNames":false,"fetchMode":"ORIGINAL","tgtObjectAttributes":{},"runtimeParameterData":{"@type":"mtTaskRuntimeParameterData","isConnectionRuntimeParameter":true,"isObjectRuntimeParameter":false,"connectionParameterName":"c_ipr_etl_audit_file_s_m_pub_ctam_ipr_talentTgtParameter"},"overridableProperties":[],"overriddenFields":[]},{"@type":"mtTaskParameter","id":896600299,"name":"$c_ipr_process_audit_update$","type":"TARGET","label":"DBConnection_ipr_staging","description":"","uiProperties":{"cnxtype":"MySQL","connectionParameterized":"true","paramName":"DBConnection_ipr_staging","paramLabel":"","paramType-mapping":"Connection","logcnx":"DBConnection_ipr_staging","default":"c_ipr_process_audit","objectParameterized":"false","visible":"false","defaultTargetUpdateColumns":"","supportApplyDDLChanges":"false"},"targetConnectionId":"@42UcB6TXpoodkZTwZvNWge","targetObject":"c_ipr_process_audit","targetObjectLabel":"c_ipr_process_audit","newFlatFile":false,"newObject":false,"showBusinessNames":true,"naturalOrder":true,"truncateTarget":false,"bulkApiDBTarget":false,"operationType":"Insert","tgtFFAttrs":{"@type":"flatFileAttrs","id":96099733,"delimiter":"|","textQualifier":"NONE","escapeChar":"","headerLineNo":1,"rowDelimiter":0,"consecutiveDelimiter":false,"multiDelimitersAsAnd":true},"customFuncCfg":{"@type":"customFuncConfig","id":-1,"connections":[],"inputMap":[],"outputFields":[]},"targetRefsV2":{},"targetUpdateColumns":[],"extendedObject":{"@type":"extendedObject","singleMode":true,"filters":[],"sortFields":[]},"runtimeAttrs":{},"isRESTModernSource":true,"isFileList":false,"handleSpecialChars":false,"handleDecimalRoundOff":false,"frsAsset":false,"dynamicFileName":false,"excludeDynamicFileNameField":false,"currentlyProcessedFileName":false,"retainFieldMetadata":false,"objectName":"c_ipr_process_audit","objectLabel":"c_ipr_process_audit","useExactSrcNames":false,"fetchMode":"ORIGINAL","tgtObjectAttributes":{},"runtimeParameterData":{"@type":"mtTaskRuntimeParameterData","isConnectionRuntimeParameter":false,"isObjectRuntimeParameter":false,"connectionParameterName":"DBConnection_ipr_staging"},"overridableProperties":[],"overriddenFields":[]},{"@type":"mtTaskParameter","id":896600300,"name":"$ipr_talent_ins$","type":"TARGET","label":"DBConnection_ipr","description":"","uiProperties":{"cnxtype":"MySQL","connectionParameterized":"true","paramName":"DBConnection_ipr","paramLabel":"","paramType-mapping":"Connection","logcnx":"DBConnection_ipr","default":"ipr_talent","objectParameterized":"false","visible":"false","defaultTargetUpdateColumns":"Talent_Sys_ID","supportApplyDDLChanges":"false"},"targetConnectionId":"@1tXJUSD7yoHiA0ybdi4gAA","targetObject":"ipr_talent","targetObjectLabel":"ipr_talent","newFlatFile":false,"newObject":false,"showBusinessNames":true,"naturalOrder":true,"truncateTarget":false,"bulkApiDBTarget":false,"operationType":"Rowbased","tgtFFAttrs":{"@type":"flatFileAttrs","id":96099734,"delimiter":"|","textQualifier":"NONE","escapeChar":"","headerLineNo":1,"rowDelimiter":0,"consecutiveDelimiter":false,"multiDelimitersAsAnd":true},"customFuncCfg":{"@type":"customFuncConfig","id":-1,"connections":[],"inputMap":[],"outputFields":[]},"targetRefsV2":{},"targetUpdateColumns":["Talent_Sys_ID"],"extendedObject":{"@type":"extendedObject","singleMode":true,"filters":[],"sortFields":[]},"runtimeAttrs":{},"isRESTModernSource":true,"isFileList":false,"handleSpecialChars":false,"handleDecimalRoundOff":false,"frsAsset":false,"dynamicFileName":false,"excludeDynamicFileNameField":false,"currentlyProcessedFileName":false,"retainFieldMetadata":false,"objectName":"ipr_talent","objectLabel":"ipr_talent","useExactSrcNames":false,"fetchMode":"ORIGINAL","tgtObjectAttributes":{},"runtimeParameterData":{"@type":"mtTaskRuntimeParameterData","isConnectionRuntimeParameter":true,"isObjectRuntimeParameter":false,"connectionParameterName":"DBConnection_ipr"},"overridableProperties":[],"overriddenFields":[]},{"@type":"mtTaskParameter","id":896600301,"name":"$ipr_talent_upd$","type":"TARGET","label":"DBConnection_ipr","description":"","uiProperties":{"cnxtype":"MySQL","connectionParameterized":"true","paramName":"DBConnection_ipr","paramLabel":"","paramType-mapping":"Connection","logcnx":"DBConnection_ipr","default":"ipr_talent","objectParameterized":"false","visible":"false","defaultTargetUpdateColumns":"Talent_Sys_ID","supportApplyDDLChanges":"false"},"targetConnectionId":"@1tXJUSD7yoHiA0ybdi4gAA","targetObject":"ipr_talent","targetObjectLabel":"ipr_talent","newFlatFile":false,"newObject":false,"showBusinessNames":true,"naturalOrder":true,"truncateTarget":false,"bulkApiDBTarget":false,"operationType":"Rowbased","tgtFFAttrs":{"@type":"flatFileAttrs","id":96099735,"delimiter":"|","textQualifier":"NONE","escapeChar":"","headerLineNo":1,"rowDelimiter":0,"consecutiveDelimiter":false,"multiDelimitersAsAnd":true},"customFuncCfg":{"@type":"customFuncConfig","id":-1,"connections":[],"inputMap":[],"outputFields":[]},"targetRefsV2":{},"targetUpdateColumns":["Talent_Sys_ID"],"extendedObject":{"@type":"extendedObject","singleMode":true,"filters":[],"sortFields":[]},"runtimeAttrs":{},"isRESTModernSource":true,"isFileList":false,"handleSpecialChars":false,"handleDecimalRoundOff":false,"frsAsset":false,"dynamicFileName":false,"excludeDynamicFileNameField":false,"currentlyProcessedFileName":false,"retainFieldMetadata":false,"objectName":"ipr_talent","objectLabel":"ipr_talent","useExactSrcNames":false,"fetchMode":"ORIGINAL","tgtObjectAttributes":{},"runtimeParameterData":{"@type":"mtTaskRuntimeParameterData","isConnectionRuntimeParameter":true,"isObjectRuntimeParameter":false,"connectionParameterName":"DBConnection_ipr"},"overridableProperties":[],"overriddenFields":[]},{"@type":"mtTaskParameter","id":896600302,"name":"$LKPTRANS$","type":"LOOKUP","label":"DBConnection_ipr","description":"","uiProperties":{"cnxtype":"MySQL","connectionParameterized":"true","paramName":"DBConnection_ipr","paramLabel":"","paramType-mapping":"Connection","logcnx":"DBConnection_ipr","isCachedLookup":"true","multipleMatchPolicy":"Use Any Value","default":"ipr_talent","objectParameterized":"false","visible":"false"},"lookupConnectionId":"@1tXJUSD7yoHiA0ybdi4gAA","lookupObject":"ipr_talent","lookupObjectLabel":"ipr_talent","newFlatFile":false,"newObject":false,"showBusinessNames":true,"naturalOrder":true,"truncateTarget":false,"bulkApiDBTarget":false,"customFuncCfg":{"@type":"customFuncConfig","id":-1,"connections":[],"inputMap":[],"outputFields":[]},"targetRefsV2":{},"targetUpdateColumns":[],"runtimeAttrs":{"Cache File Name Prefix":"","Lookup Index Cache Size":"AUTO","Optional":"true","Lookup cache persistent":"false","Lookup source is static":"false","Lookup Sql Override":"","Update Dynamic Cache Condition":"TRUE","Re-cache from lookup source":"false","Insert Else Update":"false","Lookup caching enabled":"true","Lookup Data Cache Size":"AUTO","Tracing Level":"Normal","Subsecond Precision":"6","Lookup cache directory name":"$PMCacheDir","Output Old Value On Update":"false","Lookup Source Filter":"","Dynamic Lookup Cache":"false","Pre-build lookup cache":"AUTO","Synchronize dynamic cache":"false"},"isRESTModernSource":true,"isFileList":false,"handleSpecialChars":false,"handleDecimalRoundOff":false,"frsAsset":false,"dynamicFileName":false,"excludeDynamicFileNameField":false,"currentlyProcessedFileName":false,"retainFieldMetadata":false,"objectName":"ipr_talent","objectLabel":"ipr_talent","useExactSrcNames":false,"fetchMode":"ORIGINAL","tgtObjectAttributes":{},"runtimeParameterData":{"@type":"mtTaskRuntimeParameterData","isConnectionRuntimeParameter":true,"isObjectRuntimeParameter":false,"connectionParameterName":"DBConnection_ipr"},"overridableProperties":[],"overriddenFields":[]},{"@type":"mtTaskParameter","id":896600303,"name":"$mplt_update_audit_stats_LKP_c_ipr_etl_audit_Sessioninfo1$","type":"LOOKUP","label":"mplt_update_audit_stats_LKP_c_ipr_etl_audit_Sessioninfo1","uiProperties":{},"lookupConnectionId":"@42UcB6TXpoodkZTwZvNWge","lookupObject":"c_ipr_process_audit","lookupObjectLabel":"c_ipr_process_audit","newFlatFile":false,"newObject":false,"showBusinessNames":true,"naturalOrder":true,"truncateTarget":false,"bulkApiDBTarget":false,"customFuncCfg":{"@type":"customFuncConfig","id":-1,"connections":[],"inputMap":[],"outputFields":[]},"targetRefsV2":{},"targetUpdateColumns":[],"runtimeAttrs":{"Cache File Name Prefix":"","Lookup Index Cache Size":"AUTO","Optional":"true","Lookup cache persistent":"false","Lookup source is static":"false","Lookup Sql Override":"","Update Dynamic Cache Condition":"TRUE","Re-cache from lookup source":"false","Insert Else Update":"false","Lookup caching enabled":"true","Lookup Data Cache Size":"AUTO","Tracing Level":"Normal","Subsecond Precision":"6","Lookup cache directory name":"$PMCacheDir","Output Old Value On Update":"false","Lookup Source Filter":"","Dynamic Lookup Cache":"false","Pre-build lookup cache":"AUTO","Synchronize dynamic cache":"false"},"isRESTModernSource":true,"isFileList":false,"handleSpecialChars":false,"handleDecimalRoundOff":false,"frsAsset":false,"dynamicFileName":false,"excludeDynamicFileNameField":false,"currentlyProcessedFileName":false,"retainFieldMetadata":false,"objectName":"c_ipr_process_audit","objectLabel":"c_ipr_process_audit","useExactSrcNames":false,"fetchMode":"ORIGINAL","tgtObjectAttributes":{},"runtimeParameterData":{"@type":"mtTaskRuntimeParameterData","isConnectionRuntimeParameter":false,"isObjectRuntimeParameter":true,"objectParameterName":"mplt_update_audit_stats_param_c_ipr_process_audit","objectDefaultValue":"c_ipr_process_audit"},"overridableProperties":[],"overriddenFields":[]},{"@type":"mtTaskParameter","id":896600304,"name":"$mplt_update_audit_stats_LKP_c_ipr_etl_ctl_WfLoadRunId1$","type":"LOOKUP","label":"mplt_update_audit_stats_DBConnection_ipr_staging","description":"","uiProperties":{},"lookupConnectionId":"@42UcB6TXpoodkZTwZvNWge","lookupObject":"DUMMY_mplt_update_audit_stats_LKP_c_ipr_etl_ctl_WfLoadRunId1","lookupObjectLabel":"DUMMY_mplt_update_audit_stats_LKP_c_ipr_etl_ctl_WfLoadRunId1","newFlatFile":false,"newObject":false,"showBusinessNames":true,"naturalOrder":true,"truncateTarget":false,"bulkApiDBTarget":false,"customFuncCfg":{"@type":"customFuncConfig","id":-1,"connections":[],"inputMap":[],"outputFields":[]},"targetRefsV2":{},"targetUpdateColumns":[],"runtimeAttrs":{},"isRESTModernSource":true,"customQuery":"SELECT  max(load_run_id) AS load_run_id,  wf_name AS wf_name from ipr_staging.c_ipr_etl_ctl where process_status='S' and wf_name='wf_Pub_CTaM_IPR_Data_Load' group by wf_name, process_status","isFileList":false,"handleSpecialChars":false,"handleDecimalRoundOff":false,"frsAsset":false,"dynamicFileName":false,"excludeDynamicFileNameField":false,"currentlyProcessedFileName":false,"retainFieldMetadata":false,"objectName":"DUMMY_mplt_update_audit_stats_LKP_c_ipr_etl_ctl_WfLoadRunId1","objectLabel":"DUMMY_mplt_update_audit_stats_LKP_c_ipr_etl_ctl_WfLoadRunId1","useExactSrcNames":false,"fetchMode":"ORIGINAL","tgtObjectAttributes":{},"runtimeParameterData":{"@type":"mtTaskRuntimeParameterData","isConnectionRuntimeParameter":true,"isObjectRuntimeParameter":false,"connectionParameterName":"mplt_update_audit_stats_DBConnection_ipr_staging"},"overridableProperties":[],"overriddenFields":[]},{"@type":"mtTaskParameter","id":896600305,"name":"$lkp_condition_LKPTRANS$","type":"STRING","text":"Talent_Sys_ID = in_TALENT_SYS_ID","label":"lkp_condition_LKPTRANS","description":"","uiProperties":{"paramName":"lkp_condition_LKPTRANS","paramLabel":"","paramType-mapping":"Expression","default":"Talent_Sys_ID = in_TALENT_SYS_ID","paramtype":"Expression"},"newFlatFile":false,"newObject":false,"showBusinessNames":false,"naturalOrder":false,"truncateTarget":false,"bulkApiDBTarget":false,"customFuncCfg":{"@type":"customFuncConfig","id":-1,"connections":[],"inputMap":[],"outputFields":[]},"targetRefsV2":{},"targetUpdateColumns":[],"runtimeAttrs":{},"isRESTModernSource":true,"isFileList":false,"handleSpecialChars":false,"handleDecimalRoundOff":false,"frsAsset":false,"dynamicFileName":false,"excludeDynamicFileNameField":false,"currentlyProcessedFileName":false,"retainFieldMetadata":false,"useExactSrcNames":false,"fetchMode":"ORIGINAL","tgtObjectAttributes":{},"runtimeParameterData":{"@type":"mtTaskRuntimeParameterData","isConnectionRuntimeParameter":false,"isObjectRuntimeParameter":false},"overridableProperties":[],"overriddenFields":[]},{"@type":"mtTaskParameter","id":896600306,"name":"$mplt_update_audit_stats_lkp_condition_LKP_c_ipr_etl_audit_Sessioninfo1$","type":"STRING","text":"session_name = in_session AND tgt_object_name = in_tgt_object","label":"mplt_update_audit_stats_lkp_condition_LKP_c_ipr_etl_audit_Sessioninfo1","description":"","uiProperties":{},"newFlatFile":false,"newObject":false,"showBusinessNames":true,"naturalOrder":true,"truncateTarget":false,"bulkApiDBTarget":false,"customFuncCfg":{"@type":"customFuncConfig","id":-1,"connections":[],"inputMap":[],"outputFields":[]},"targetRefsV2":{},"targetUpdateColumns":[],"runtimeAttrs":{},"isRESTModernSource":true,"isFileList":false,"handleSpecialChars":false,"handleDecimalRoundOff":false,"frsAsset":false,"dynamicFileName":false,"excludeDynamicFileNameField":false,"currentlyProcessedFileName":false,"retainFieldMetadata":false,"useExactSrcNames":false,"fetchMode":"ORIGINAL","tgtObjectAttributes":{},"runtimeParameterData":{"@type":"mtTaskRuntimeParameterData","isConnectionRuntimeParameter":false,"isObjectRuntimeParameter":false},"overridableProperties":[],"overriddenFields":[]}],"sequences":[],"inOutParameters":[{"@type":"mtTaskInOutParameter","id":"-1","name":"Delta_timestamp","description":"","initialValue":"09/28/2000 10:26:09","datatype":"STRING","precision":"50","scale":"0","retentionPolicy":"NEVER","aggregationType":"MAX","currentValue":"09/28/2000 10:26:09"},{"@type":"mtTaskInOutParameter","id":"-1","name":"End_Delta_timestamp","description":"","initialValue":"01/01/2099 01:01:01","datatype":"STRING","precision":"50","scale":"0","retentionPolicy":"NEVER","aggregationType":"MAX","currentValue":"01/01/2099 01:01:01"},{"@type":"mtTaskInOutParameter","id":"-1","name":"delete_ind","description":"","initialValue":"","datatype":"INTEGER","precision":"10","scale":"0","retentionPolicy":"NEVER","aggregationType":"MAX","currentValue":""},{"@type":"mtTaskInOutParameter","id":"-1","name":"ipr_delete_status","description":"","initialValue":"","datatype":"INTEGER","precision":"10","scale":"0","retentionPolicy":"NEVER","aggregationType":"MAX","currentValue":""},{"@type":"mtTaskInOutParameter","id":"-1","name":"use_override_for_delete","description":"","initialValue":"","datatype":"STRING","precision":"50","scale":"0","retentionPolicy":"NEVER","aggregationType":"MAX","currentValue":""},{"@type":"mtTaskInOutParameter","id":"-1","name":"tgt_object_name","description":"","initialValue":"","datatype":"STRING","precision":"50","scale":"0","retentionPolicy":"NEVER","aggregationType":"MAX","currentValue":""},{"@type":"mtTaskInOutParameter","id":"-1","name":"src_delta_col","description":"","initialValue":"","datatype":"STRING","precision":"50","scale":"0","retentionPolicy":"NEVER","aggregationType":"MAX","currentValue":""},{"@type":"mtTaskInOutParameter","id":"-1","name":"ctam_schema","description":"","initialValue":"dtss_ctam","datatype":"STRING","precision":"50","scale":"0","retentionPolicy":"NEVER","aggregationType":"MAX","currentValue":"dtss_ctam"},{"@type":"mtTaskInOutParameter","id":"-1","name":"ipr_schema","description":"","initialValue":"ipr","datatype":"STRING","precision":"50","scale":"0","retentionPolicy":"NEVER","aggregationType":"MAX","currentValue":"ipr"},{"@type":"mtTaskInOutParameter","id":"-1","name":"Stage_Schema","description":"","initialValue":"ipr_staging","datatype":"STRING","precision":"50","scale":"0","retentionPolicy":"NEVER","aggregationType":"MAX","currentValue":"ipr_staging"},{"@type":"mtTaskInOutParameter","id":"-1","name":"disable_foreign","description":"","initialValue":"","datatype":"STRING","precision":"2000","scale":"0","retentionPolicy":"NEVER","aggregationType":"MAX","currentValue":""},{"@type":"mtTaskInOutParameter","id":"-1","name":"enable_foreign","description":"","initialValue":"","datatype":"STRING","precision":"2000","scale":"0","retentionPolicy":"NEVER","aggregationType":"MAX","currentValue":""},{"@type":"mtTaskInOutParameter","id":"-1","name":"mplt_update_audit_stats_src_system_name","description":"","initialValue":"","datatype":"STRING","precision":"65","scale":"0","retentionPolicy":"NEVER","aggregationType":"MAX","currentValue":""},{"@type":"mtTaskInOutParameter","id":"-1","name":"mplt_update_audit_stats_src_object_name","description":"","initialValue":"","datatype":"STRING","precision":"65","scale":"0","retentionPolicy":"NEVER","aggregationType":"MAX","currentValue":""},{"@type":"mtTaskInOutParameter","id":"-1","name":"mplt_update_audit_stats_process_status_c","description":"","initialValue":"","datatype":"STRING","precision":"10","scale":"0","retentionPolicy":"NEVER","aggregationType":"MAX","currentValue":""},{"@type":"mtTaskInOutParameter","id":"-1","name":"mplt_update_audit_stats_process_status_s","description":"","initialValue":"","datatype":"STRING","precision":"10","scale":"0","retentionPolicy":"NEVER","aggregationType":"MAX","currentValue":""},{"@type":"mtTaskInOutParameter","id":"-1","name":"mplt_update_audit_stats_Stage_Schema","description":"","initialValue":"","datatype":"STRING","precision":"45","scale":"0","retentionPolicy":"NEVER","aggregationType":"MAX","currentValue":""}],"connRuntimeAttrs":[]}]