[{"@type":"mappingTemplate","id":"@1","name":"Snowflake_QueryOverride_Timestamp_Alcority","description":"","autoExpireObject":false,"bundleVersion":"0","assetFrsGuid":"9npEJKbJQyGkrR16gLaC2y","templateId":"@3","deployTime":1616624062000,"hasParameters":false,"valid":true,"fixedConnection":true,"hasParametersDeployed":false,"fixedConnectionDeployed":true,"isSchemaValidationEnabled":false,"tasks":1,"mappingPreviewFileRecordId":"@2","documentType":"MAPPING","references":[{"@type":"reference","refObjectId":"@3deLqjHJjBPit7uLf2I4UF","refType":"connection"},{"@type":"reference","refObjectId":"@csaG1osDGkKg7bs2KP6Tsk","refType":"connection"},{"@type":"reference","refObjectId":"@1rxOzEbStztbzd80WhEn82","refType":"connection"}]}]