[{"@type":"mappingTemplate","id":"@1","name":"m_pub_ctam_ipr_merge_unmerge_ipr_entities","description":"","bundleVersion":"0","templateId":"@3","deployTime":1711570781000,"hasParameters":true,"valid":true,"fixedConnection":true,"hasParametersDeployed":true,"fixedConnectionDeployed":true,"isSchemaValidationEnabled":false,"tasks":1,"mappingPreviewFileRecordId":"@2","documentType":"","references":[{"@type":"reference","refObjectId":"@bU7YPXezIUafcTspHmdNEo","refType":"connection"},{"@type":"reference","refObjectId":"@1tXJUSD7yoHiA0ybdi4gAA","refType":"connection"},{"@type":"reference","refObjectId":"@gJP8B05ODM9gFd2wD7Xsw0","refType":"mappletTemplate"}]}]