[{"@type":"mtTask","id":"@1","name":"s_m_pub_ctam_ipr_master","description":"Session pushed from PC to ICS : s_m_pub_ctam_ipr_master","runtimeEnvironmentId":"@3TRdymd0I7nj1azisVoLqs","maxLogs":10,"verbose":false,"mappingId":"@0mk3rlSNWNTbwfCUl6KRS0","frsGuid":"1FnuGMhohjhjJpQdvYTnYI","shortDescription":"Session pushed from PC to ICS : s_m_pub_ctam_ipr_m...","sessionPropertiesList":[{"name":"Allow Temporary Sequence for Pushdown","value":"NO","recommended":false},{"name":"Allow Temporary View for Pushdown","value":"NO","recommended":false},{"name":"Data Column Delimiter","value":"|","recommended":false},{"name":"Error Log File Name","value":"PMError.log","recommended":false},{"name":"Pushdown Optimization","value":"None","recommended":false},{"name":"Pushdown Optimization Context","value":"None","recommended":false},{"name":"Pushdown Optimization Fallback Option","value":"Partial PDO","recommended":false},{"name":"Stop on errors","value":"$PMSessionErrorThreshold","recommended":false},{"name":"Write Backward Compatible Session Log File","value":"YES","recommended":false}],"hidden":false,"enableCrossSchemaPushdown":false,"enableParallelRun":false,"autoTunedApplied":false,"autoTunedAppliedType":"NONE","paramFileType":"PARAM_FILE_LOCAL","schemaMode":"async","valid":true,"schemaValidationErrorCount":-1,"serverlessProperties":{},"taskProperties":[{"@type":"taskProperty","name":"parameterFileDir","currentValue":"","type":"STRING","label":"label.parameterFileDir","required":false},{"@type":"taskProperty","name":"parameterFileName","currentValue":"","type":"STRING","label":"label.parameterFileName","required":false},{"@type":"taskProperty","name":"outboundMessageUrlQueueTime","currentValue":"","type":"NUMBER","label":"label.outboundMessageUrlQueueTime","required":false},{"@type":"taskProperty","name":"outboundMessageUrlToken","currentValue":"","type":"STRING","label":"label.outboundMessageUrlToken","required":false}],"optimizationPlan":"NONE","isMidstreamPreview":false,"parameters":[{"@type":"mtTaskParameter","id":896600356,"name":"$SQ_V_IPR_MASTER$","type":"EXTENDED_SOURCE","label":"DBConnection_ctam","description":"","uiProperties":{"cnxtype":"Oracle","connectionParameterized":"true","paramName":"DBConnection_ctam","paramLabel":"","paramType-mapping":"Connection","logcnx":"DBConnection_ctam","isSelectDistinct":"false","isMsrcFilterParameterized":"true","isMsrcSortParameterized":"false","msrcFilterDefault":"LAST_UPDATE_DATE > TO_TIMESTAMP('$$Delta_timestamp' ,'YYYY/MM/DD HH24:MI:SS.FF6') AND LAST_UPDATE_DATE < TRUNC(TO_DATE('$$End_Delta_timestamp','MM/DD/YYYY HH24:MI:SS')) AND ASSET_TYPE_ID<>5","msrcFilterParamDesc":"","isFFRetainMetaData":"true","objectParameterized":"false","isCustomQueryRetainMetaData":"true"},"sourceConnectionId":"@bU7YPXezIUafcTspHmdNEo","newFlatFile":false,"newObject":false,"showBusinessNames":true,"naturalOrder":true,"truncateTarget":false,"bulkApiDBTarget":false,"srcFFAttrs":{"@type":"flatFileAttrs","id":96099768,"delimiter":"|","textQualifier":"NONE","escapeChar":"","headerLineNo":1,"firstDataRow":2,"rowDelimiter":0,"consecutiveDelimiter":false,"multiDelimitersAsAnd":true},"customFuncCfg":{"@type":"customFuncConfig","id":-1,"connections":[],"inputMap":[],"outputFields":[]},"targetRefsV2":{},"targetUpdateColumns":[],"extendedObject":{"@type":"extendedObject","object":{"@type":"mObject","name":"V_IPR_MASTER","label":"V_IPR_MASTER","metadataUpdated":false,"relations":[],"children":[]},"advancedFilterExpression":"LAST_UPDATE_DATE > TO_TIMESTAMP('$$Delta_timestamp' ,'YYYY/MM/DD HH24:MI:SS.FF6') AND LAST_UPDATE_DATE < TRUNC(TO_DATE('$$End_Delta_timestamp','MM/DD/YYYY HH24:MI:SS')) AND ASSET_TYPE_ID<>5","singleMode":true,"objects":[{"@type":"mObject","name":"V_IPR_MASTER","label":"V_IPR_MASTER","metadataUpdated":false,"relations":[],"children":[]}],"filters":[],"sortFields":[]},"runtimeAttrs":{},"isRESTModernSource":true,"isFileList":false,"handleSpecialChars":false,"handleDecimalRoundOff":false,"frsAsset":false,"dynamicFileName":false,"excludeDynamicFileNameField":false,"currentlyProcessedFileName":false,"retainFieldMetadata":false,"useExactSrcNames":false,"fetchMode":"ORIGINAL","tgtObjectAttributes":{},"runtimeParameterData":{"@type":"mtTaskRuntimeParameterData","isConnectionRuntimeParameter":false,"isObjectRuntimeParameter":false,"connectionParameterName":"DBConnection_ctam"},"overridableProperties":[],"overriddenFields":[]},{"@type":"mtTaskParameter","id":896600357,"name":"$SQ_V_IPR_MASTER_UNCHANGED_NEW$","type":"EXTENDED_SOURCE","label":"DBConnection_ctam","description":"","uiProperties":{"cnxtype":"Oracle","connectionParameterized":"true","paramName":"DBConnection_ctam","paramLabel":"","paramType-mapping":"Connection","logcnx":"DBConnection_ctam","isSelectDistinct":"false","isMsrcFilterParameterized":"true","isMsrcSortParameterized":"false","msrcFilterDefault":"LAST_UPDATE_DATE <= TO_TIMESTAMP('$$Delta_timestamp' ,'YYYY/MM/DD HH24:MI:SS.FF6') AND ASSET_TYPE_ID<>5","msrcFilterParamDesc":"","isFFRetainMetaData":"true","objectParameterized":"false","isCustomQueryRetainMetaData":"true"},"sourceConnectionId":"@bU7YPXezIUafcTspHmdNEo","newFlatFile":false,"newObject":false,"showBusinessNames":true,"naturalOrder":true,"truncateTarget":false,"bulkApiDBTarget":false,"srcFFAttrs":{"@type":"flatFileAttrs","id":96099769,"delimiter":"|","textQualifier":"NONE","escapeChar":"","headerLineNo":1,"firstDataRow":2,"rowDelimiter":0,"consecutiveDelimiter":false,"multiDelimitersAsAnd":true},"customFuncCfg":{"@type":"customFuncConfig","id":-1,"connections":[],"inputMap":[],"outputFields":[]},"targetRefsV2":{},"targetUpdateColumns":[],"extendedObject":{"@type":"extendedObject","object":{"@type":"mObject","name":"V_IPR_MASTER","label":"V_IPR_MASTER","metadataUpdated":false,"relations":[],"children":[]},"advancedFilterExpression":"LAST_UPDATE_DATE <= TO_TIMESTAMP('$$Delta_timestamp' ,'YYYY/MM/DD HH24:MI:SS.FF6') AND ASSET_TYPE_ID<>5","singleMode":true,"objects":[{"@type":"mObject","name":"V_IPR_MASTER","label":"V_IPR_MASTER","metadataUpdated":false,"relations":[],"children":[]}],"filters":[],"sortFields":[]},"runtimeAttrs":{},"isRESTModernSource":true,"isFileList":false,"handleSpecialChars":false,"handleDecimalRoundOff":false,"frsAsset":false,"dynamicFileName":false,"excludeDynamicFileNameField":false,"currentlyProcessedFileName":false,"retainFieldMetadata":false,"useExactSrcNames":false,"fetchMode":"ORIGINAL","tgtObjectAttributes":{},"runtimeParameterData":{"@type":"mtTaskRuntimeParameterData","isConnectionRuntimeParameter":false,"isObjectRuntimeParameter":false,"connectionParameterName":"DBConnection_ctam"},"overridableProperties":[],"overriddenFields":[]},{"@type":"mtTaskParameter","id":896600358,"name":"$SQ_V_IPR_TITLE_CHARACTER_REL$","type":"EXTENDED_SOURCE","label":"DBConnection_ctam","description":"","uiProperties":{"cnxtype":"Oracle","connectionParameterized":"true","paramName":"DBConnection_ctam","paramLabel":"","paramType-mapping":"Connection","logcnx":"DBConnection_ctam","isSelectDistinct":"false","isMsrcFilterParameterized":"true","isMsrcSortParameterized":"false","msrcFilterDefault":"TITLE_CHAR_ROWID<>'$$Filter_Expression_Sys_ID'","msrcFilterParamDesc":"","isFFRetainMetaData":"true","objectParameterized":"false","isCustomQueryRetainMetaData":"true"},"sourceConnectionId":"@bU7YPXezIUafcTspHmdNEo","newFlatFile":false,"newObject":false,"showBusinessNames":true,"naturalOrder":true,"truncateTarget":false,"bulkApiDBTarget":false,"srcFFAttrs":{"@type":"flatFileAttrs","id":96099770,"delimiter":"|","textQualifier":"NONE","escapeChar":"","headerLineNo":1,"firstDataRow":2,"rowDelimiter":0,"consecutiveDelimiter":false,"multiDelimitersAsAnd":true},"customFuncCfg":{"@type":"customFuncConfig","id":-1,"connections":[],"inputMap":[],"outputFields":[]},"targetRefsV2":{},"targetUpdateColumns":[],"extendedObject":{"@type":"extendedObject","object":{"@type":"mObject","name":"V_IPR_TITLE_CHARACTER_REL","label":"V_IPR_TITLE_CHARACTER_REL","metadataUpdated":false,"relations":[],"children":[]},"advancedFilterExpression":"TITLE_CHAR_ROWID<>'$$Filter_Expression_Sys_ID'","singleMode":true,"objects":[{"@type":"mObject","name":"V_IPR_TITLE_CHARACTER_REL","label":"V_IPR_TITLE_CHARACTER_REL","metadataUpdated":false,"relations":[],"children":[]}],"filters":[],"sortFields":[]},"runtimeAttrs":{},"isRESTModernSource":true,"isFileList":false,"handleSpecialChars":false,"handleDecimalRoundOff":false,"frsAsset":false,"dynamicFileName":false,"excludeDynamicFileNameField":false,"currentlyProcessedFileName":false,"retainFieldMetadata":false,"useExactSrcNames":false,"fetchMode":"ORIGINAL","tgtObjectAttributes":{},"runtimeParameterData":{"@type":"mtTaskRuntimeParameterData","isConnectionRuntimeParameter":false,"isObjectRuntimeParameter":false,"connectionParameterName":"DBConnection_ctam"},"overridableProperties":[],"overriddenFields":[]},{"@type":"mtTaskParameter","id":896600359,"name":"$SQ_ipr_master$","type":"EXTENDED_SOURCE","label":"DBConnection_ipr","description":"","uiProperties":{"cnxtype":"MySQL","connectionParameterized":"true","paramName":"DBConnection_ipr","paramLabel":"","paramType-mapping":"Connection","logcnx":"DBConnection_ipr","isSelectDistinct":"false","isMsrcFilterParameterized":"true","isMsrcSortParameterized":"false","msrcFilterDefault":"Asset_Type_ID=$$Asset_Type_ID_rel_title_char","msrcFilterParamDesc":"","isFFRetainMetaData":"true","objectParameterized":"false","isCustomQueryRetainMetaData":"true"},"sourceConnectionId":"@1tXJUSD7yoHiA0ybdi4gAA","newFlatFile":false,"newObject":false,"showBusinessNames":true,"naturalOrder":true,"truncateTarget":false,"bulkApiDBTarget":false,"srcFFAttrs":{"@type":"flatFileAttrs","id":96099771,"delimiter":"|","textQualifier":"NONE","escapeChar":"","headerLineNo":1,"firstDataRow":2,"rowDelimiter":0,"consecutiveDelimiter":false,"multiDelimitersAsAnd":true},"customFuncCfg":{"@type":"customFuncConfig","id":-1,"connections":[],"inputMap":[],"outputFields":[]},"targetRefsV2":{},"targetUpdateColumns":[],"extendedObject":{"@type":"extendedObject","object":{"@type":"mObject","name":"ipr_master","label":"ipr_master","metadataUpdated":false,"relations":[],"children":[]},"advancedFilterExpression":"Asset_Type_ID=$$Asset_Type_ID_rel_title_char","singleMode":true,"objects":[{"@type":"mObject","name":"ipr_master","label":"ipr_master","metadataUpdated":false,"relations":[],"children":[]}],"filters":[],"sortFields":[]},"runtimeAttrs":{},"isRESTModernSource":true,"isFileList":false,"handleSpecialChars":false,"handleDecimalRoundOff":false,"frsAsset":false,"dynamicFileName":false,"excludeDynamicFileNameField":false,"currentlyProcessedFileName":false,"retainFieldMetadata":false,"useExactSrcNames":false,"fetchMode":"ORIGINAL","tgtObjectAttributes":{},"runtimeParameterData":{"@type":"mtTaskRuntimeParameterData","isConnectionRuntimeParameter":false,"isObjectRuntimeParameter":false,"connectionParameterName":"DBConnection_ipr"},"overridableProperties":[],"overriddenFields":[]},{"@type":"mtTaskParameter","id":896600360,"name":"$SQ_ipr_master1$","type":"EXTENDED_SOURCE","label":"DBConnection_ipr","description":"","uiProperties":{"cnxtype":"MySQL","connectionParameterized":"true","paramName":"DBConnection_ipr","paramLabel":"","paramType-mapping":"Connection","logcnx":"DBConnection_ipr","isSelectDistinct":"false","isMsrcFilterParameterized":"true","isMsrcSortParameterized":"false","msrcFilterDefault":"Asset_Type_ID<>5","msrcFilterParamDesc":"","isFFRetainMetaData":"true","objectParameterized":"false","isCustomQueryRetainMetaData":"true"},"sourceConnectionId":"@1tXJUSD7yoHiA0ybdi4gAA","newFlatFile":false,"newObject":false,"showBusinessNames":true,"naturalOrder":true,"truncateTarget":false,"bulkApiDBTarget":false,"srcFFAttrs":{"@type":"flatFileAttrs","id":96099772,"delimiter":"|","textQualifier":"NONE","escapeChar":"","headerLineNo":1,"firstDataRow":2,"rowDelimiter":0,"consecutiveDelimiter":false,"multiDelimitersAsAnd":true},"customFuncCfg":{"@type":"customFuncConfig","id":-1,"connections":[],"inputMap":[],"outputFields":[]},"targetRefsV2":{},"targetUpdateColumns":[],"extendedObject":{"@type":"extendedObject","object":{"@type":"mObject","name":"ipr_master","label":"ipr_master","metadataUpdated":false,"relations":[],"children":[]},"advancedFilterExpression":"Asset_Type_ID<>5","singleMode":true,"objects":[{"@type":"mObject","name":"ipr_master","label":"ipr_master","metadataUpdated":false,"relations":[],"children":[]}],"filters":[],"sortFields":[]},"runtimeAttrs":{},"isRESTModernSource":true,"isFileList":false,"handleSpecialChars":false,"handleDecimalRoundOff":false,"frsAsset":false,"dynamicFileName":false,"excludeDynamicFileNameField":false,"currentlyProcessedFileName":false,"retainFieldMetadata":false,"useExactSrcNames":false,"fetchMode":"ORIGINAL","tgtObjectAttributes":{},"runtimeParameterData":{"@type":"mtTaskRuntimeParameterData","isConnectionRuntimeParameter":false,"isObjectRuntimeParameter":false,"connectionParameterName":"DBConnection_ipr"},"overridableProperties":[],"overriddenFields":[]},{"@type":"mtTaskParameter","id":896600361,"name":"$mplt_update_audit_status_from_file_SQ_c_ipr_etl_audit_file$","type":"EXTENDED_SOURCE","label":"mplt_update_audit_status_from_file_SQ_c_ipr_etl_audit_fileSrcParameter","description":"","uiProperties":{},"sourceConnectionId":"@3nB9SoJw5AFc5PZMVQ3PIF","newFlatFile":false,"newObject":false,"showBusinessNames":true,"naturalOrder":true,"truncateTarget":false,"bulkApiDBTarget":false,"srcFFAttrs":{"@type":"flatFileAttrs","id":96099773,"delimiter":",","textQualifier":"NONE","escapeChar":"","headerLineNo":2147483647,"firstDataRow":1,"rowDelimiter":0,"consecutiveDelimiter":false,"multiDelimitersAsAnd":true},"customFuncCfg":{"@type":"customFuncConfig","id":-1,"connections":[],"inputMap":[],"outputFields":[]},"targetRefsV2":{},"targetUpdateColumns":[],"extendedObject":{"@type":"extendedObject","object":{"@type":"mObject","name":"c_ipr_etl_audit_file_s_m_pub_ctam_ipr_merge_winner_loser_upd.txt","label":"c_ipr_etl_audit_file_s_m_pub_ctam_ipr_merge_winner_loser_upd.txt","metadataUpdated":false,"relations":[],"children":[]},"singleMode":true,"objects":[{"@type":"mObject","name":"c_ipr_etl_audit_file_s_m_pub_ctam_ipr_merge_winner_loser_upd.txt","label":"c_ipr_etl_audit_file_s_m_pub_ctam_ipr_merge_winner_loser_upd.txt","metadataUpdated":false,"relations":[],"children":[]}],"filters":[],"sortFields":[]},"runtimeAttrs":{},"isRESTModernSource":true,"isFileList":false,"handleSpecialChars":false,"handleDecimalRoundOff":false,"frsAsset":false,"dynamicFileName":false,"excludeDynamicFileNameField":false,"currentlyProcessedFileName":false,"retainFieldMetadata":false,"useExactSrcNames":false,"fetchMode":"ORIGINAL","tgtObjectAttributes":{},"runtimeParameterData":{"@type":"mtTaskRuntimeParameterData","isConnectionRuntimeParameter":true,"isObjectRuntimeParameter":false,"connectionParameterName":"mplt_update_audit_status_from_file_SQ_c_ipr_etl_audit_fileSrcParameter"},"overridableProperties":[{"@type":"overridableProperty","id":"defaultPrecision","labelKey":"mplt_update_audit_status_from_file_SQ_c_ipr_etl_audit_file_defaultPrecision","type":"integer","hidden":false,"required":false,"defaultValue":"","renderingHints":{}},{"@type":"overridableProperty","id":"defaultScale","labelKey":"mplt_update_audit_status_from_file_SQ_c_ipr_etl_audit_file_defaultScale","type":"integer","hidden":false,"required":false,"defaultValue":"","renderingHints":{}},{"@type":"overridableProperty","id":"defaultNativeDataType","labelKey":"mplt_update_audit_status_from_file_SQ_c_ipr_etl_audit_file_defaultNativeDataType","type":"string","hidden":false,"required":false,"defaultValue":"","renderingHints":{}}],"overriddenFields":[]},{"@type":"mtTaskParameter","id":896600362,"name":"$c_ipr_etl_audit_file_ins$","type":"TARGET","label":"c_ipr_etl_audit_file_insTgtParameter","description":"","uiProperties":{"cnxtype":"CSVFile","connectionParameterized":"true","paramName":"c_ipr_etl_audit_file_insTgtParameter","paramLabel":"","paramType-mapping":"Connection","logcnx":"c_ipr_etl_audit_file_insTgtParameter","default":"c_ipr_etl_audit_file_s_m_pub_ctam_ipr_master_ins.txt","objectParameterized":"false","visible":"false","defaultTargetUpdateColumns":"","supportApplyDDLChanges":"false"},"targetConnectionId":"@9iHYw5fnEMEkp7huznjjIZ","targetObject":"c_ipr_etl_audit_file_s_m_pub_ctam_ipr_master_ins.txt","targetObjectLabel":"c_ipr_etl_audit_file_s_m_pub_ctam_ipr_master_ins.txt","newFlatFile":false,"newObject":true,"showBusinessNames":true,"naturalOrder":true,"newObjectName":"c_ipr_etl_audit_file_s_m_pub_ctam_ipr_master_ins.txt","truncateTarget":false,"bulkApiDBTarget":false,"operationType":"Insert","tgtFFAttrs":{"@type":"flatFileAttrs","id":96099774,"delimiter":",","textQualifier":"NONE","escapeChar":"","headerLineNo":1,"rowDelimiter":0,"consecutiveDelimiter":false,"multiDelimitersAsAnd":true},"customFuncCfg":{"@type":"customFuncConfig","id":-1,"connections":[],"inputMap":[],"outputFields":[]},"targetRefsV2":{},"targetUpdateColumns":[],"extendedObject":{"@type":"extendedObject","singleMode":true,"filters":[],"sortFields":[]},"runtimeAttrs":{},"isRESTModernSource":true,"isFileList":false,"handleSpecialChars":false,"handleDecimalRoundOff":false,"frsAsset":false,"dynamicFileName":false,"excludeDynamicFileNameField":false,"currentlyProcessedFileName":false,"retainFieldMetadata":false,"objectName":"c_ipr_etl_audit_file_s_m_pub_ctam_ipr_master_ins.txt","objectLabel":"c_ipr_etl_audit_file_s_m_pub_ctam_ipr_master_ins.txt","useExactSrcNames":false,"fetchMode":"ORIGINAL","tgtObjectAttributes":{},"runtimeParameterData":{"@type":"mtTaskRuntimeParameterData","isConnectionRuntimeParameter":true,"isObjectRuntimeParameter":false,"connectionParameterName":"c_ipr_etl_audit_file_insTgtParameter"},"overridableProperties":[],"overriddenFields":[]},{"@type":"mtTaskParameter","id":896600363,"name":"$c_ipr_etl_audit_file_upd$","type":"TARGET","label":"c_ipr_etl_audit_file_updTgtParameter","description":"","uiProperties":{"cnxtype":"CSVFile","connectionParameterized":"true","paramName":"c_ipr_etl_audit_file_updTgtParameter","paramLabel":"","paramType-mapping":"Connection","logcnx":"c_ipr_etl_audit_file_updTgtParameter","default":"c_ipr_etl_audit_file_s_m_pub_ctam_ipr_master_upd.txt","objectParameterized":"false","visible":"false","defaultTargetUpdateColumns":"","supportApplyDDLChanges":"false"},"targetConnectionId":"@9iHYw5fnEMEkp7huznjjIZ","targetObject":"c_ipr_etl_audit_file_s_m_pub_ctam_ipr_master_upd.txt","targetObjectLabel":"c_ipr_etl_audit_file_s_m_pub_ctam_ipr_master_upd.txt","newFlatFile":false,"newObject":true,"showBusinessNames":true,"naturalOrder":true,"newObjectName":"c_ipr_etl_audit_file_s_m_pub_ctam_ipr_master_upd.txt","truncateTarget":false,"bulkApiDBTarget":false,"operationType":"Insert","tgtFFAttrs":{"@type":"flatFileAttrs","id":96099775,"delimiter":",","textQualifier":"NONE","escapeChar":"","headerLineNo":1,"rowDelimiter":0,"consecutiveDelimiter":false,"multiDelimitersAsAnd":true},"customFuncCfg":{"@type":"customFuncConfig","id":-1,"connections":[],"inputMap":[],"outputFields":[]},"targetRefsV2":{},"targetUpdateColumns":[],"extendedObject":{"@type":"extendedObject","singleMode":true,"filters":[],"sortFields":[]},"runtimeAttrs":{},"isRESTModernSource":true,"isFileList":false,"handleSpecialChars":false,"handleDecimalRoundOff":false,"frsAsset":false,"dynamicFileName":false,"excludeDynamicFileNameField":false,"currentlyProcessedFileName":false,"retainFieldMetadata":false,"objectName":"c_ipr_etl_audit_file_s_m_pub_ctam_ipr_master_upd.txt","objectLabel":"c_ipr_etl_audit_file_s_m_pub_ctam_ipr_master_upd.txt","useExactSrcNames":false,"fetchMode":"ORIGINAL","tgtObjectAttributes":{},"runtimeParameterData":{"@type":"mtTaskRuntimeParameterData","isConnectionRuntimeParameter":false,"isObjectRuntimeParameter":false,"connectionParameterName":"c_ipr_etl_audit_file_updTgtParameter"},"overridableProperties":[],"overriddenFields":[]},{"@type":"mtTaskParameter","id":896600364,"name":"$c_ipr_process_audit_upd$","type":"TARGET","label":"DBConnection_ipr_staging","description":"","uiProperties":{"cnxtype":"MySQL","connectionParameterized":"true","paramName":"DBConnection_ipr_staging","paramLabel":"","paramType-mapping":"Connection","logcnx":"DBConnection_ipr_staging","default":"c_ipr_process_audit","objectParameterized":"false","visible":"false","defaultTargetUpdateColumns":"wf_name,session_name,tgt_object_name","supportApplyDDLChanges":"false"},"targetConnectionId":"@42UcB6TXpoodkZTwZvNWge","targetObject":"c_ipr_process_audit","targetObjectLabel":"c_ipr_process_audit","newFlatFile":false,"newObject":false,"showBusinessNames":true,"naturalOrder":true,"truncateTarget":false,"bulkApiDBTarget":false,"operationType":"Insert","tgtFFAttrs":{"@type":"flatFileAttrs","id":96099776,"delimiter":"|","textQualifier":"NONE","escapeChar":"","headerLineNo":1,"rowDelimiter":0,"consecutiveDelimiter":false,"multiDelimitersAsAnd":true},"customFuncCfg":{"@type":"customFuncConfig","id":-1,"connections":[],"inputMap":[],"outputFields":[]},"targetRefsV2":{},"targetUpdateColumns":[],"extendedObject":{"@type":"extendedObject","singleMode":true,"filters":[],"sortFields":[]},"runtimeAttrs":{},"isRESTModernSource":true,"isFileList":false,"handleSpecialChars":false,"handleDecimalRoundOff":false,"frsAsset":false,"dynamicFileName":false,"excludeDynamicFileNameField":false,"currentlyProcessedFileName":false,"retainFieldMetadata":false,"objectName":"c_ipr_process_audit","objectLabel":"c_ipr_process_audit","useExactSrcNames":false,"fetchMode":"ORIGINAL","tgtObjectAttributes":{},"runtimeParameterData":{"@type":"mtTaskRuntimeParameterData","isConnectionRuntimeParameter":false,"isObjectRuntimeParameter":false,"connectionParameterName":"DBConnection_ipr_staging"},"overridableProperties":[],"overriddenFields":[]},{"@type":"mtTaskParameter","id":896600365,"name":"$ipr_master_del$","type":"TARGET","label":"DBConnection_ipr","description":"","uiProperties":{"cnxtype":"MySQL","connectionParameterized":"true","paramName":"DBConnection_ipr","paramLabel":"","paramType-mapping":"Connection","logcnx":"DBConnection_ipr","default":"ipr_master","objectParameterized":"false","visible":"false","defaultTargetUpdateColumns":"Master_Sys_ID,Asset_Type_ID","supportApplyDDLChanges":"false"},"targetConnectionId":"@1tXJUSD7yoHiA0ybdi4gAA","targetObject":"ipr_master","targetObjectLabel":"ipr_master","newFlatFile":false,"newObject":false,"showBusinessNames":true,"naturalOrder":true,"truncateTarget":false,"bulkApiDBTarget":false,"operationType":"Rowbased","tgtFFAttrs":{"@type":"flatFileAttrs","id":96099777,"delimiter":"|","textQualifier":"NONE","escapeChar":"","headerLineNo":1,"rowDelimiter":0,"consecutiveDelimiter":false,"multiDelimitersAsAnd":true},"customFuncCfg":{"@type":"customFuncConfig","id":-1,"connections":[],"inputMap":[],"outputFields":[]},"targetRefsV2":{},"targetUpdateColumns":["Master_Sys_ID","Asset_Type_ID"],"extendedObject":{"@type":"extendedObject","singleMode":true,"filters":[],"sortFields":[]},"runtimeAttrs":{},"isRESTModernSource":true,"isFileList":false,"handleSpecialChars":false,"handleDecimalRoundOff":false,"frsAsset":false,"dynamicFileName":false,"excludeDynamicFileNameField":false,"currentlyProcessedFileName":false,"retainFieldMetadata":false,"objectName":"ipr_master","objectLabel":"ipr_master","useExactSrcNames":false,"fetchMode":"ORIGINAL","tgtObjectAttributes":{},"runtimeParameterData":{"@type":"mtTaskRuntimeParameterData","isConnectionRuntimeParameter":false,"isObjectRuntimeParameter":false,"connectionParameterName":"DBConnection_ipr"},"overridableProperties":[],"overriddenFields":[]},{"@type":"mtTaskParameter","id":896600366,"name":"$ipr_master_ins$","type":"TARGET","label":"DBConnection_ipr","description":"","uiProperties":{"cnxtype":"MySQL","connectionParameterized":"true","paramName":"DBConnection_ipr","paramLabel":"","paramType-mapping":"Connection","logcnx":"DBConnection_ipr","default":"ipr_master","objectParameterized":"false","visible":"false","defaultTargetUpdateColumns":"Master_Sys_ID,Asset_Type_ID","supportApplyDDLChanges":"false"},"targetConnectionId":"@1tXJUSD7yoHiA0ybdi4gAA","targetObject":"ipr_master","targetObjectLabel":"ipr_master","newFlatFile":false,"newObject":false,"showBusinessNames":true,"naturalOrder":true,"truncateTarget":false,"bulkApiDBTarget":false,"operationType":"Rowbased","tgtFFAttrs":{"@type":"flatFileAttrs","id":96099778,"delimiter":"|","textQualifier":"NONE","escapeChar":"","headerLineNo":1,"rowDelimiter":0,"consecutiveDelimiter":false,"multiDelimitersAsAnd":true},"customFuncCfg":{"@type":"customFuncConfig","id":-1,"connections":[],"inputMap":[],"outputFields":[]},"targetRefsV2":{},"targetUpdateColumns":["Master_Sys_ID","Asset_Type_ID"],"extendedObject":{"@type":"extendedObject","singleMode":true,"filters":[],"sortFields":[]},"runtimeAttrs":{},"isRESTModernSource":true,"isFileList":false,"handleSpecialChars":false,"handleDecimalRoundOff":false,"frsAsset":false,"dynamicFileName":false,"excludeDynamicFileNameField":false,"currentlyProcessedFileName":false,"retainFieldMetadata":false,"objectName":"ipr_master","objectLabel":"ipr_master","useExactSrcNames":false,"fetchMode":"ORIGINAL","tgtObjectAttributes":{},"runtimeParameterData":{"@type":"mtTaskRuntimeParameterData","isConnectionRuntimeParameter":false,"isObjectRuntimeParameter":false,"connectionParameterName":"DBConnection_ipr"},"overridableProperties":[],"overriddenFields":[]},{"@type":"mtTaskParameter","id":896600367,"name":"$ipr_master_upd$","type":"TARGET","label":"DBConnection_ipr","description":"","uiProperties":{"cnxtype":"MySQL","connectionParameterized":"true","paramName":"DBConnection_ipr","paramLabel":"","paramType-mapping":"Connection","logcnx":"DBConnection_ipr","default":"ipr_master","objectParameterized":"false","visible":"false","defaultTargetUpdateColumns":"Master_Sys_ID,Asset_Type_ID","supportApplyDDLChanges":"false"},"targetConnectionId":"@1tXJUSD7yoHiA0ybdi4gAA","targetObject":"ipr_master","targetObjectLabel":"ipr_master","newFlatFile":false,"newObject":false,"showBusinessNames":true,"naturalOrder":true,"truncateTarget":false,"bulkApiDBTarget":false,"operationType":"Rowbased","tgtFFAttrs":{"@type":"flatFileAttrs","id":96099779,"delimiter":"|","textQualifier":"NONE","escapeChar":"","headerLineNo":1,"rowDelimiter":0,"consecutiveDelimiter":false,"multiDelimitersAsAnd":true},"customFuncCfg":{"@type":"customFuncConfig","id":-1,"connections":[],"inputMap":[],"outputFields":[]},"targetRefsV2":{},"targetUpdateColumns":["Master_Sys_ID","Asset_Type_ID"],"extendedObject":{"@type":"extendedObject","singleMode":true,"filters":[],"sortFields":[]},"runtimeAttrs":{},"isRESTModernSource":true,"isFileList":false,"handleSpecialChars":false,"handleDecimalRoundOff":false,"frsAsset":false,"dynamicFileName":false,"excludeDynamicFileNameField":false,"currentlyProcessedFileName":false,"retainFieldMetadata":false,"objectName":"ipr_master","objectLabel":"ipr_master","useExactSrcNames":false,"fetchMode":"ORIGINAL","tgtObjectAttributes":{},"runtimeParameterData":{"@type":"mtTaskRuntimeParameterData","isConnectionRuntimeParameter":false,"isObjectRuntimeParameter":false,"connectionParameterName":"DBConnection_ipr"},"overridableProperties":[],"overriddenFields":[]},{"@type":"mtTaskParameter","id":896600368,"name":"$LKP_ipr_master$","type":"LOOKUP","label":"DBConnection_ipr","description":"","uiProperties":{"cnxtype":"MySQL","connectionParameterized":"true","paramName":"DBConnection_ipr","paramLabel":"","paramType-mapping":"Connection","logcnx":"DBConnection_ipr","multipleMatchPolicy":"Use Any Value","objectParameterized":"false","visible":"false"},"lookupConnectionId":"@1tXJUSD7yoHiA0ybdi4gAA","lookupObject":"DUMMY_LKP_ipr_master","newFlatFile":false,"newObject":false,"showBusinessNames":true,"naturalOrder":true,"truncateTarget":false,"bulkApiDBTarget":false,"lkpFFAttrs":{"@type":"flatFileAttrs","id":96099780,"delimiter":"|","textQualifier":"NONE","escapeChar":"","headerLineNo":1,"firstDataRow":2,"rowDelimiter":0,"consecutiveDelimiter":false,"multiDelimitersAsAnd":true},"customFuncCfg":{"@type":"customFuncConfig","id":-1,"connections":[],"inputMap":[],"outputFields":[]},"targetRefsV2":{},"targetUpdateColumns":[],"runtimeAttrs":{},"isRESTModernSource":true,"customQuery":"select Master_Sys_ID as Master_Sys_ID, IPR_ID as IPR_ID, Asset_Type_ID as Asset_Type_ID, Creation_Time_Stamp as Creation_Time_Stamp, Created_By as Created_By, Updated_By as Updated_By, Updated_Time_Stamp as Updated_Time_Stamp, master_asset_crossref_id as master_asset_crossref_id \r\nfrom ipr.ipr_master where Asset_Type_ID<>5","isFileList":false,"handleSpecialChars":false,"handleDecimalRoundOff":false,"frsAsset":false,"dynamicFileName":false,"excludeDynamicFileNameField":false,"currentlyProcessedFileName":false,"retainFieldMetadata":false,"objectName":"DUMMY_LKP_ipr_master","useExactSrcNames":false,"fetchMode":"ORIGINAL","tgtObjectAttributes":{},"runtimeParameterData":{"@type":"mtTaskRuntimeParameterData","isConnectionRuntimeParameter":false,"isObjectRuntimeParameter":false,"connectionParameterName":"DBConnection_ipr"},"overridableProperties":[],"overriddenFields":[]},{"@type":"mtTaskParameter","id":896600369,"name":"$mplt_update_audit_stats_LKP_c_ipr_etl_audit_Sessioninfo1$","type":"LOOKUP","label":"mplt_update_audit_stats_LKP_c_ipr_etl_audit_Sessioninfo1","uiProperties":{},"lookupConnectionId":"@42UcB6TXpoodkZTwZvNWge","lookupObject":"c_ipr_process_audit","lookupObjectLabel":"c_ipr_process_audit","newFlatFile":false,"newObject":false,"showBusinessNames":true,"naturalOrder":false,"truncateTarget":false,"bulkApiDBTarget":false,"customFuncCfg":{"@type":"customFuncConfig","id":-1,"connections":[],"inputMap":[],"outputFields":[]},"targetRefsV2":{},"targetUpdateColumns":[],"runtimeAttrs":{"Thousand Separator":"None","Cache File Name Prefix":"","Lookup Index Cache Size":"AUTO","Optional":"true","Lookup cache persistent":"false","Lookup source is static":"false","Case Sensitive String Comparison":"false","Decimal Separator":".","Re-cache from lookup source":"false","Insert Else Update":"false","Lookup caching enabled":"true","Lookup Data Cache Size":"AUTO","Tracing Level":"Normal","Datetime Format":"","Subsecond Precision":"6","Sorted Input":"false","Lookup cache directory name":"$PMCacheDir","Output Old Value On Update":"false","Lookup Source Filter":"","Dynamic Lookup Cache":"false","Pre-build lookup cache":"AUTO","Synchronize dynamic cache":"false","Null ordering":"Null Is Highest Value"},"isRESTModernSource":true,"isFileList":false,"handleSpecialChars":false,"handleDecimalRoundOff":false,"frsAsset":false,"dynamicFileName":false,"excludeDynamicFileNameField":false,"currentlyProcessedFileName":false,"retainFieldMetadata":false,"objectName":"c_ipr_process_audit","objectLabel":"c_ipr_process_audit","useExactSrcNames":false,"fetchMode":"ORIGINAL","tgtObjectAttributes":{},"runtimeParameterData":{"@type":"mtTaskRuntimeParameterData","isConnectionRuntimeParameter":false,"isObjectRuntimeParameter":true,"objectParameterName":"mplt_update_audit_stats_param_c_ipr_process_audit","objectDefaultValue":"c_ipr_process_audit"},"overridableProperties":[],"overriddenFields":[]},{"@type":"mtTaskParameter","id":896600370,"name":"$mplt_update_audit_stats_LKP_c_ipr_etl_ctl_WfLoadRunId1$","type":"LOOKUP","label":"mplt_update_audit_stats_DBConnection_ipr_staging","description":"","uiProperties":{},"lookupConnectionId":"@42UcB6TXpoodkZTwZvNWge","lookupObject":"DUMMY_mplt_update_audit_stats_LKP_c_ipr_etl_ctl_WfLoadRunId1","lookupObjectLabel":"DUMMY_mplt_update_audit_stats_LKP_c_ipr_etl_ctl_WfLoadRunId1","newFlatFile":false,"newObject":false,"showBusinessNames":true,"naturalOrder":true,"truncateTarget":false,"bulkApiDBTarget":false,"customFuncCfg":{"@type":"customFuncConfig","id":-1,"connections":[],"inputMap":[],"outputFields":[]},"targetRefsV2":{},"targetUpdateColumns":[],"runtimeAttrs":{},"isRESTModernSource":true,"customQuery":"SELECT  max(load_run_id) AS load_run_id,  wf_name AS wf_name from ipr_staging.c_ipr_etl_ctl where process_status='S' and wf_name='wf_Pub_CTaM_IPR_Data_Load' group by wf_name, process_status","isFileList":false,"handleSpecialChars":false,"handleDecimalRoundOff":false,"frsAsset":false,"dynamicFileName":false,"excludeDynamicFileNameField":false,"currentlyProcessedFileName":false,"retainFieldMetadata":false,"objectName":"DUMMY_mplt_update_audit_stats_LKP_c_ipr_etl_ctl_WfLoadRunId1","objectLabel":"DUMMY_mplt_update_audit_stats_LKP_c_ipr_etl_ctl_WfLoadRunId1","useExactSrcNames":false,"fetchMode":"ORIGINAL","tgtObjectAttributes":{},"runtimeParameterData":{"@type":"mtTaskRuntimeParameterData","isConnectionRuntimeParameter":true,"isObjectRuntimeParameter":false,"connectionParameterName":"mplt_update_audit_stats_DBConnection_ipr_staging"},"overridableProperties":[],"overriddenFields":[]},{"@type":"mtTaskParameter","id":896600371,"name":"$mplt_update_audit_stats_lkp_condition_LKP_c_ipr_etl_audit_Sessioninfo1$","type":"STRING","text":"session_name = in_session AND tgt_object_name = in_tgt_object","label":"mplt_update_audit_stats_lkp_condition_LKP_c_ipr_etl_audit_Sessioninfo1","description":"","uiProperties":{},"newFlatFile":false,"newObject":false,"showBusinessNames":false,"naturalOrder":false,"truncateTarget":false,"bulkApiDBTarget":false,"customFuncCfg":{"@type":"customFuncConfig","id":-1,"connections":[],"inputMap":[],"outputFields":[]},"targetRefsV2":{},"targetUpdateColumns":[],"runtimeAttrs":{},"isRESTModernSource":true,"isFileList":false,"handleSpecialChars":false,"handleDecimalRoundOff":false,"frsAsset":false,"dynamicFileName":false,"excludeDynamicFileNameField":false,"currentlyProcessedFileName":false,"retainFieldMetadata":false,"useExactSrcNames":false,"fetchMode":"ORIGINAL","tgtObjectAttributes":{},"runtimeParameterData":{"@type":"mtTaskRuntimeParameterData","isConnectionRuntimeParameter":false,"isObjectRuntimeParameter":false},"overridableProperties":[],"overriddenFields":[]}],"sequences":[],"inOutParameters":[{"@type":"mtTaskInOutParameter","id":"-1","name":"tgt_object_name","description":"","initialValue":"","datatype":"STRING","precision":"45","scale":"0","retentionPolicy":"NEVER","aggregationType":"MAX","currentValue":""},{"@type":"mtTaskInOutParameter","id":"-1","name":"ipr_schema","description":"","initialValue":"ipr","datatype":"STRING","precision":"60","scale":"0","retentionPolicy":"NEVER","aggregationType":"MAX","currentValue":"ipr"},{"@type":"mtTaskInOutParameter","id":"-1","name":"Stage_Schema","description":"","initialValue":"","datatype":"STRING","precision":"60","scale":"0","retentionPolicy":"NEVER","aggregationType":"MAX","currentValue":""},{"@type":"mtTaskInOutParameter","id":"-1","name":"ctam_schema","description":"","initialValue":"dtss_ctam","datatype":"STRING","precision":"60","scale":"0","retentionPolicy":"NEVER","aggregationType":"MAX","currentValue":"dtss_ctam"},{"@type":"mtTaskInOutParameter","id":"-1","name":"delete_ind","description":"","initialValue":"","datatype":"INTEGER","precision":"10","scale":"0","retentionPolicy":"NEVER","aggregationType":"MAX","currentValue":""},{"@type":"mtTaskInOutParameter","id":"-1","name":"Delta_timestamp","description":"","initialValue":"2023/10/01 00:00:00.000000","datatype":"STRING","precision":"50","scale":"0","retentionPolicy":"NEVER","aggregationType":"MAX","currentValue":"2023/10/01 00:00:00.000000"},{"@type":"mtTaskInOutParameter","id":"-1","name":"End_delta_timestamp","description":"","initialValue":"01/01/2099 01:01:01","datatype":"STRING","precision":"50","scale":"0","retentionPolicy":"NEVER","aggregationType":"MAX","currentValue":"01/01/2099 01:01:01"},{"@type":"mtTaskInOutParameter","id":"-1","name":"src_delta_column","description":"","initialValue":"","datatype":"STRING","precision":"45","scale":"0","retentionPolicy":"NEVER","aggregationType":"MAX","currentValue":""},{"@type":"mtTaskInOutParameter","id":"-1","name":"disable_foreign","description":"","initialValue":"","datatype":"STRING","precision":"200","scale":"0","retentionPolicy":"NEVER","aggregationType":"MAX","currentValue":""},{"@type":"mtTaskInOutParameter","id":"-1","name":"enable_foreign","description":"","initialValue":"","datatype":"STRING","precision":"200","scale":"0","retentionPolicy":"NEVER","aggregationType":"MAX","currentValue":""},{"@type":"mtTaskInOutParameter","id":"-1","name":"default_insert","description":"","initialValue":"","datatype":"STRING","precision":"2000","scale":"0","retentionPolicy":"NEVER","aggregationType":"MAX","currentValue":""},{"@type":"mtTaskInOutParameter","id":"-1","name":"initial_trunc","description":"","initialValue":"","datatype":"STRING","precision":"10","scale":"0","retentionPolicy":"NEVER","aggregationType":"MAX","currentValue":""},{"@type":"mtTaskInOutParameter","id":"-1","name":"ipr_delete_status","description":"","initialValue":"","datatype":"INTEGER","precision":"10","scale":"0","retentionPolicy":"NEVER","aggregationType":"MAX","currentValue":""},{"@type":"mtTaskInOutParameter","id":"-1","name":"use_override_for_delete","description":"","initialValue":"","datatype":"STRING","precision":"10","scale":"0","retentionPolicy":"NEVER","aggregationType":"MAX","currentValue":""},{"@type":"mtTaskInOutParameter","id":"-1","name":"Filter_Expression_Sys_ID","description":"","initialValue":"","datatype":"STRING","precision":"20","scale":"0","retentionPolicy":"NEVER","aggregationType":"MAX","currentValue":""},{"@type":"mtTaskInOutParameter","id":"-1","name":"Asset_Type_ID_rel_title_char","description":"","initialValue":"","datatype":"INTEGER","precision":"10","scale":"0","retentionPolicy":"NEVER","aggregationType":"MAX","currentValue":""},{"@type":"mtTaskInOutParameter","id":"-1","name":"master_title_char_filter","description":"","initialValue":"","datatype":"STRING","precision":"200","scale":"0","retentionPolicy":"NEVER","aggregationType":"MAX","currentValue":""},{"@type":"mtTaskInOutParameter","id":"-1","name":"mplt_update_audit_stats_src_system_name","description":"","initialValue":"","datatype":"STRING","precision":"65","scale":"0","retentionPolicy":"NEVER","aggregationType":"MAX","currentValue":""},{"@type":"mtTaskInOutParameter","id":"-1","name":"mplt_update_audit_stats_src_object_name","description":"","initialValue":"","datatype":"STRING","precision":"65","scale":"0","retentionPolicy":"NEVER","aggregationType":"MAX","currentValue":""},{"@type":"mtTaskInOutParameter","id":"-1","name":"mplt_update_audit_stats_process_status_c","description":"","initialValue":"","datatype":"STRING","precision":"10","scale":"0","retentionPolicy":"NEVER","aggregationType":"MAX","currentValue":""},{"@type":"mtTaskInOutParameter","id":"-1","name":"mplt_update_audit_stats_process_status_s","description":"","initialValue":"","datatype":"STRING","precision":"10","scale":"0","retentionPolicy":"NEVER","aggregationType":"MAX","currentValue":""},{"@type":"mtTaskInOutParameter","id":"-1","name":"mplt_update_audit_stats_Stage_Schema","description":"","initialValue":"","datatype":"STRING","precision":"45","scale":"0","retentionPolicy":"NEVER","aggregationType":"MAX","currentValue":""}],"connRuntimeAttrs":[]}]