[{"@type":"mappingTemplate","id":"@1","name":"Biogen_Oracle_DataTruncation","description":"","autoExpireObject":false,"bundleVersion":"0","assetFrsGuid":"4sa4FFyelWldTX8DxmIiSz","templateId":"@3","deployTime":1615487436000,"hasParameters":false,"valid":true,"fixedConnection":true,"hasParametersDeployed":false,"fixedConnectionDeployed":true,"isSchemaValidationEnabled":false,"tasks":1,"mappingPreviewFileRecordId":"@2","documentType":"MAPPING","references":[{"@type":"reference","refObjectId":"@1eS7DLDaa97fyBxL3tmGAj","refType":"connection"},{"@type":"reference","refObjectId":"@1rxOzEbStztbzd80WhEn82","refType":"connection"}]}]