[{"@type":"mtTask","id":"@1","name":"s_m_pub_ctam_ods_sap_mpm_issue","description":"Session pushed from PC to ICS : s_m_pub_ctam_ipr_role_ref","runtimeEnvironmentId":"@3TRdymd0I7nj1azisVoLqs","maxLogs":10,"verbose":false,"mappingId":"@bs7JPX9ZbO8gkb5MnDYpaS","frsGuid":"9Hi6n4p9qejgONrpoMMb2P","shortDescription":"Session pushed from PC to ICS : s_m_pub_ctam_ipr_r...","sessionPropertiesList":[{"name":"Allow Temporary Sequence for Pushdown","value":"NO","recommended":false},{"name":"Allow Temporary View for Pushdown","value":"NO","recommended":false},{"name":"Data Column Delimiter","value":"|","recommended":false},{"name":"Error Log File Name","value":"PMError.log","recommended":false},{"name":"Pushdown Optimization","value":"None","recommended":false},{"name":"Pushdown Optimization Context","value":"None","recommended":false},{"name":"Pushdown Optimization Fallback Option","value":"Partial PDO","recommended":false}],"hidden":false,"enableCrossSchemaPushdown":false,"enableParallelRun":false,"autoTunedApplied":false,"autoTunedAppliedType":"NONE","paramFileType":"PARAM_FILE_LOCAL","schemaMode":"async","valid":true,"schemaValidationErrorCount":-1,"serverlessProperties":{},"taskProperties":[{"@type":"taskProperty","name":"parameterFileDir","currentValue":"","type":"STRING","label":"label.parameterFileDir","required":false},{"@type":"taskProperty","name":"parameterFileName","currentValue":"","type":"STRING","label":"label.parameterFileName","required":false},{"@type":"taskProperty","name":"outboundMessageUrlQueueTime","currentValue":"","type":"NUMBER","label":"label.outboundMessageUrlQueueTime","required":false},{"@type":"taskProperty","name":"outboundMessageUrlToken","currentValue":"","type":"STRING","label":"label.outboundMessageUrlToken","required":false}],"optimizationPlan":"NONE","isMidstreamPreview":false,"parameters":[{"@type":"mtTaskParameter","id":896599535,"name":"$SQ_V_MPM_ISSUE$","type":"EXTENDED_SOURCE","label":"SQ_V_MPM_ISSUE","uiProperties":{"connectionParameterized":"false","isSelectDistinct":"false","isMsrcFilterParameterized":"true","isMsrcSortParameterized":"false","msrcFilterDefault":"LAST_UPDATE_DATE > TO_TIMESTAMP('$$Delta_timestamp' ,'YYYY/MM/DD HH24:MI:SS.FF6')-1 AND LAST_UPDATE_DATE < TRUNC(TO_DATE('$$End_Delta_timestamp','MM/DD/YYYY HH24:MI:SS'))","msrcFilterParamDesc":"","isFFRetainMetaData":"true","objectParameterized":"false","isCustomQueryRetainMetaData":"true"},"sourceConnectionId":"@bU7YPXezIUafcTspHmdNEo","newFlatFile":false,"newObject":false,"showBusinessNames":false,"naturalOrder":true,"truncateTarget":false,"bulkApiDBTarget":false,"srcFFAttrs":{"@type":"flatFileAttrs","id":96099271,"delimiter":"|","textQualifier":"NONE","escapeChar":"","headerLineNo":1,"firstDataRow":2,"rowDelimiter":0,"consecutiveDelimiter":false,"multiDelimitersAsAnd":true},"customFuncCfg":{"@type":"customFuncConfig","id":-1,"connections":[],"inputMap":[],"outputFields":[]},"targetRefsV2":{},"targetUpdateColumns":[],"extendedObject":{"@type":"extendedObject","object":{"@type":"mObject","name":"V_MPM_ISSUE","label":"V_MPM_ISSUE","metadataUpdated":false,"relations":[],"children":[]},"advancedFilterExpression":"LAST_UPDATE_DATE > TO_TIMESTAMP('$$Delta_timestamp' ,'YYYY/MM/DD HH24:MI:SS.FF6')-1 AND LAST_UPDATE_DATE < TRUNC(TO_DATE('$$End_Delta_timestamp','MM/DD/YYYY HH24:MI:SS'))","singleMode":true,"objects":[{"@type":"mObject","name":"V_MPM_ISSUE","label":"V_MPM_ISSUE","metadataUpdated":false,"relations":[],"children":[]}],"filters":[],"sortFields":[]},"runtimeAttrs":{},"isRESTModernSource":true,"isFileList":false,"handleSpecialChars":false,"handleDecimalRoundOff":false,"frsAsset":false,"dynamicFileName":false,"excludeDynamicFileNameField":false,"currentlyProcessedFileName":false,"retainFieldMetadata":false,"useExactSrcNames":false,"fetchMode":"ORIGINAL","tgtObjectAttributes":{},"runtimeParameterData":{"@type":"mtTaskRuntimeParameterData","isConnectionRuntimeParameter":false,"isObjectRuntimeParameter":false},"overridableProperties":[],"overriddenFields":[]},{"@type":"mtTaskParameter","id":896599536,"name":"$SQ_V_MPM_ISSUE_INACTIVATION_CHANGE$","type":"EXTENDED_SOURCE","label":"SQ_V_MPM_ISSUE_INACTIVATION_CHANGE","uiProperties":{"connectionParameterized":"false","isSelectDistinct":"false","isMsrcFilterParameterized":"true","isMsrcSortParameterized":"false","msrcFilterDefault":"LAST_UPDATE_DATE < TO_TIMESTAMP('$$Delta_timestamp' ,'YYYY/MM/DD HH24:MI:SS.FF6')-1 $$ip_id_filter","msrcFilterParamDesc":"","isFFRetainMetaData":"true","objectParameterized":"false","isCustomQueryRetainMetaData":"true"},"sourceConnectionId":"@bU7YPXezIUafcTspHmdNEo","newFlatFile":false,"newObject":false,"showBusinessNames":false,"naturalOrder":true,"truncateTarget":false,"bulkApiDBTarget":false,"srcFFAttrs":{"@type":"flatFileAttrs","id":96099272,"delimiter":"|","textQualifier":"NONE","escapeChar":"","headerLineNo":1,"firstDataRow":2,"rowDelimiter":0,"consecutiveDelimiter":false,"multiDelimitersAsAnd":true},"customFuncCfg":{"@type":"customFuncConfig","id":-1,"connections":[],"inputMap":[],"outputFields":[]},"targetRefsV2":{},"targetUpdateColumns":[],"extendedObject":{"@type":"extendedObject","object":{"@type":"mObject","name":"V_MPM_ISSUE","label":"V_MPM_ISSUE","metadataUpdated":false,"relations":[],"children":[]},"advancedFilterExpression":"LAST_UPDATE_DATE < TO_TIMESTAMP('$$Delta_timestamp' ,'YYYY/MM/DD HH24:MI:SS.FF6')-1 $$ip_id_filter","singleMode":true,"objects":[{"@type":"mObject","name":"V_MPM_ISSUE","label":"V_MPM_ISSUE","metadataUpdated":false,"relations":[],"children":[]}],"filters":[],"sortFields":[]},"runtimeAttrs":{},"isRESTModernSource":true,"isFileList":false,"handleSpecialChars":false,"handleDecimalRoundOff":false,"frsAsset":false,"dynamicFileName":false,"excludeDynamicFileNameField":false,"currentlyProcessedFileName":false,"retainFieldMetadata":false,"useExactSrcNames":false,"fetchMode":"ORIGINAL","tgtObjectAttributes":{},"runtimeParameterData":{"@type":"mtTaskRuntimeParameterData","isConnectionRuntimeParameter":false,"isObjectRuntimeParameter":false},"overridableProperties":[],"overriddenFields":[]},{"@type":"mtTaskParameter","id":896599537,"name":"$SQ_ods_sap_mpm_issue1$","type":"EXTENDED_SOURCE","label":"DBConnection_ipr","description":"","uiProperties":{"cnxtype":"MySQL","connectionParameterized":"true","paramName":"DBConnection_ipr","paramLabel":"","paramType-mapping":"Connection","logcnx":"DBConnection_ipr","isSelectDistinct":"false","isMsrcFilterParameterized":"false","isMsrcSortParameterized":"false","isFFRetainMetaData":"true","objectParameterized":"false","visible":"false","isCustomQueryRetainMetaData":"true"},"sourceConnectionId":"@1tXJUSD7yoHiA0ybdi4gAA","newFlatFile":false,"newObject":false,"showBusinessNames":true,"naturalOrder":true,"truncateTarget":false,"bulkApiDBTarget":false,"srcFFAttrs":{"@type":"flatFileAttrs","id":96099273,"delimiter":"|","textQualifier":"NONE","escapeChar":"","headerLineNo":1,"firstDataRow":2,"rowDelimiter":0,"consecutiveDelimiter":false,"multiDelimitersAsAnd":true},"customFuncCfg":{"@type":"customFuncConfig","id":-1,"connections":[],"inputMap":[],"outputFields":[]},"targetRefsV2":{},"targetUpdateColumns":[],"extendedObject":{"@type":"extendedObject","object":{"@type":"mObject","name":"ods_sap_mpm_issue","label":"ods_sap_mpm_issue","metadataUpdated":false,"relations":[],"children":[]},"singleMode":true,"objects":[{"@type":"mObject","name":"ods_sap_mpm_issue","label":"ods_sap_mpm_issue","metadataUpdated":false,"relations":[],"children":[]}],"filters":[],"sortFields":[]},"runtimeAttrs":{},"isRESTModernSource":true,"isFileList":false,"handleSpecialChars":false,"handleDecimalRoundOff":false,"frsAsset":false,"dynamicFileName":false,"excludeDynamicFileNameField":false,"currentlyProcessedFileName":false,"retainFieldMetadata":false,"useExactSrcNames":false,"fetchMode":"ORIGINAL","tgtObjectAttributes":{},"runtimeParameterData":{"@type":"mtTaskRuntimeParameterData","isConnectionRuntimeParameter":true,"isObjectRuntimeParameter":false,"connectionParameterName":"DBConnection_ipr"},"overridableProperties":[],"overriddenFields":[]},{"@type":"mtTaskParameter","id":896599538,"name":"$mplt_update_audit_status_from_file_SQ_c_ipr_etl_audit_file$","type":"EXTENDED_SOURCE","label":"mplt_update_audit_status_from_file_SQ_c_ipr_etl_audit_file","uiProperties":{},"sourceConnectionId":"@9iHYw5fnEMEkp7huznjjIZ","newFlatFile":false,"newObject":false,"showBusinessNames":false,"naturalOrder":true,"truncateTarget":false,"bulkApiDBTarget":false,"srcFFAttrs":{"@type":"flatFileAttrs","id":96099274,"delimiter":",","textQualifier":"NONE","escapeChar":"","headerLineNo":2147483647,"firstDataRow":1,"rowDelimiter":0,"consecutiveDelimiter":false,"multiDelimitersAsAnd":true},"customFuncCfg":{"@type":"customFuncConfig","id":-1,"connections":[],"inputMap":[],"outputFields":[]},"targetRefsV2":{},"targetUpdateColumns":[],"extendedObject":{"@type":"extendedObject","object":{"@type":"mObject","name":"c_ipr_etl_audit_file_ins_tracking_group_brand_ref1.out","label":"c_ipr_etl_audit_file_ins_tracking_group_brand_ref1.out","metadataUpdated":false,"relations":[],"children":[]},"singleMode":true,"objects":[{"@type":"mObject","name":"c_ipr_etl_audit_file_ins_tracking_group_brand_ref1.out","label":"c_ipr_etl_audit_file_ins_tracking_group_brand_ref1.out","metadataUpdated":false,"relations":[],"children":[]}],"filters":[],"sortFields":[]},"runtimeAttrs":{},"isRESTModernSource":true,"isFileList":false,"handleSpecialChars":false,"handleDecimalRoundOff":false,"frsAsset":false,"dynamicFileName":false,"excludeDynamicFileNameField":false,"currentlyProcessedFileName":false,"retainFieldMetadata":false,"useExactSrcNames":false,"fetchMode":"ORIGINAL","tgtObjectAttributes":{},"runtimeParameterData":{"@type":"mtTaskRuntimeParameterData","isConnectionRuntimeParameter":false,"isObjectRuntimeParameter":false},"overridableProperties":[{"@type":"overridableProperty","id":"defaultPrecision","labelKey":"mplt_update_audit_status_from_file_SQ_c_ipr_etl_audit_file_defaultPrecision","type":"integer","hidden":false,"required":false,"defaultValue":"","renderingHints":{}},{"@type":"overridableProperty","id":"defaultScale","labelKey":"mplt_update_audit_status_from_file_SQ_c_ipr_etl_audit_file_defaultScale","type":"integer","hidden":false,"required":false,"defaultValue":"","renderingHints":{}},{"@type":"overridableProperty","id":"defaultNativeDataType","labelKey":"mplt_update_audit_status_from_file_SQ_c_ipr_etl_audit_file_defaultNativeDataType","type":"string","hidden":false,"required":false,"defaultValue":"","renderingHints":{}}],"overriddenFields":[]},{"@type":"mtTaskParameter","id":896599539,"name":"$mplt_update_audit_status_from_file_ipid_chk_SQ_c_ipr_etl_audit_file$","type":"EXTENDED_SOURCE","label":"mplt_update_audit_status_from_file_ipid_chk_SQ_c_ipr_etl_audit_file","uiProperties":{},"sourceConnectionId":"@9iHYw5fnEMEkp7huznjjIZ","newFlatFile":false,"newObject":false,"showBusinessNames":false,"naturalOrder":true,"truncateTarget":false,"bulkApiDBTarget":false,"srcFFAttrs":{"@type":"flatFileAttrs","id":96099275,"delimiter":",","textQualifier":"NONE","escapeChar":"","headerLineNo":2147483647,"firstDataRow":1,"rowDelimiter":0,"consecutiveDelimiter":false,"multiDelimitersAsAnd":true},"customFuncCfg":{"@type":"customFuncConfig","id":-1,"connections":[],"inputMap":[],"outputFields":[]},"targetRefsV2":{},"targetUpdateColumns":[],"extendedObject":{"@type":"extendedObject","object":{"@type":"mObject","name":"c_ipr_etl_audit_file_ins_tracking_group_brand_ref1.out","label":"c_ipr_etl_audit_file_ins_tracking_group_brand_ref1.out","metadataUpdated":false,"relations":[],"children":[]},"singleMode":true,"objects":[{"@type":"mObject","name":"c_ipr_etl_audit_file_ins_tracking_group_brand_ref1.out","label":"c_ipr_etl_audit_file_ins_tracking_group_brand_ref1.out","metadataUpdated":false,"relations":[],"children":[]}],"filters":[],"sortFields":[]},"runtimeAttrs":{},"isRESTModernSource":true,"isFileList":false,"handleSpecialChars":false,"handleDecimalRoundOff":false,"frsAsset":false,"dynamicFileName":false,"excludeDynamicFileNameField":false,"currentlyProcessedFileName":false,"retainFieldMetadata":false,"useExactSrcNames":false,"fetchMode":"ORIGINAL","tgtObjectAttributes":{},"runtimeParameterData":{"@type":"mtTaskRuntimeParameterData","isConnectionRuntimeParameter":false,"isObjectRuntimeParameter":false},"overridableProperties":[{"@type":"overridableProperty","id":"defaultPrecision","labelKey":"mplt_update_audit_status_from_file_ipid_chk_SQ_c_ipr_etl_audit_file_defaultPrecision","type":"integer","hidden":false,"required":false,"defaultValue":"","renderingHints":{}},{"@type":"overridableProperty","id":"defaultScale","labelKey":"mplt_update_audit_status_from_file_ipid_chk_SQ_c_ipr_etl_audit_file_defaultScale","type":"integer","hidden":false,"required":false,"defaultValue":"","renderingHints":{}},{"@type":"overridableProperty","id":"defaultNativeDataType","labelKey":"mplt_update_audit_status_from_file_ipid_chk_SQ_c_ipr_etl_audit_file_defaultNativeDataType","type":"string","hidden":false,"required":false,"defaultValue":"","renderingHints":{}}],"overriddenFields":[]},{"@type":"mtTaskParameter","id":896599540,"name":"$c_ipr_etl_audit_file_ins$","type":"TARGET","label":"c_ipr_etl_audit_file_insTgtParameter","description":"","uiProperties":{"cnxtype":"CSVFile","connectionParameterized":"true","paramName":"c_ipr_etl_audit_file_insTgtParameter","paramLabel":"","paramType-mapping":"Connection","logcnx":"c_ipr_etl_audit_file_insTgtParameter","default":"c_ipr_etl_audit_file_s_m_pub_ctam_ods_sap_mpm_issue_ins1.txt","objectParameterized":"false","visible":"false","defaultTargetUpdateColumns":"","supportApplyDDLChanges":"false"},"targetConnectionId":"@9iHYw5fnEMEkp7huznjjIZ","targetObject":"c_ipr_etl_audit_file_s_m_pub_ctam_ods_sap_mpm_issue_ins1.txt","targetObjectLabel":"c_ipr_etl_audit_file_s_m_pub_ctam_ods_sap_mpm_issue_ins1.txt","newFlatFile":false,"newObject":true,"showBusinessNames":true,"naturalOrder":true,"newObjectName":"c_ipr_etl_audit_file_s_m_pub_ctam_ods_sap_mpm_issue_ins1.txt","truncateTarget":false,"bulkApiDBTarget":false,"operationType":"Insert","tgtFFAttrs":{"@type":"flatFileAttrs","id":96099276,"delimiter":",","textQualifier":"NONE","escapeChar":"","headerLineNo":1,"rowDelimiter":0,"consecutiveDelimiter":false,"multiDelimitersAsAnd":true},"customFuncCfg":{"@type":"customFuncConfig","id":-1,"connections":[],"inputMap":[],"outputFields":[]},"targetRefsV2":{},"targetUpdateColumns":[],"extendedObject":{"@type":"extendedObject","singleMode":true,"filters":[],"sortFields":[]},"runtimeAttrs":{},"isRESTModernSource":true,"isFileList":false,"handleSpecialChars":false,"handleDecimalRoundOff":false,"frsAsset":false,"dynamicFileName":false,"excludeDynamicFileNameField":false,"currentlyProcessedFileName":false,"retainFieldMetadata":false,"objectName":"c_ipr_etl_audit_file_s_m_pub_ctam_ods_sap_mpm_issue_ins1.txt","objectLabel":"c_ipr_etl_audit_file_s_m_pub_ctam_ods_sap_mpm_issue_ins1.txt","useExactSrcNames":false,"fetchMode":"ORIGINAL","tgtObjectAttributes":{},"runtimeParameterData":{"@type":"mtTaskRuntimeParameterData","isConnectionRuntimeParameter":true,"isObjectRuntimeParameter":false,"connectionParameterName":"c_ipr_etl_audit_file_insTgtParameter"},"overridableProperties":[],"overriddenFields":[]},{"@type":"mtTaskParameter","id":896599541,"name":"$c_ipr_etl_audit_file_ins_ipid_chk$","type":"TARGET","label":"c_ipr_etl_audit_file_ins_ipid_chkTgtParameter","description":"","uiProperties":{"cnxtype":"CSVFile","connectionParameterized":"true","paramName":"c_ipr_etl_audit_file_ins_ipid_chkTgtParameter","paramLabel":"","paramType-mapping":"Connection","logcnx":"c_ipr_etl_audit_file_ins_ipid_chkTgtParameter","default":"c_ipr_etl_audit_file_ins_ipid_chk1.txt","objectParameterized":"false","visible":"false","defaultTargetUpdateColumns":"","supportApplyDDLChanges":"false"},"targetConnectionId":"@9iHYw5fnEMEkp7huznjjIZ","targetObject":"c_ipr_etl_audit_file_ins_ipid_chk1.txt","targetObjectLabel":"c_ipr_etl_audit_file_ins_ipid_chk1.txt","newFlatFile":false,"newObject":true,"showBusinessNames":true,"naturalOrder":true,"newObjectName":"c_ipr_etl_audit_file_ins_ipid_chk1.txt","truncateTarget":false,"bulkApiDBTarget":false,"operationType":"Insert","tgtFFAttrs":{"@type":"flatFileAttrs","id":96099277,"delimiter":",","textQualifier":"NONE","escapeChar":"","headerLineNo":1,"rowDelimiter":0,"consecutiveDelimiter":false,"multiDelimitersAsAnd":true},"customFuncCfg":{"@type":"customFuncConfig","id":-1,"connections":[],"inputMap":[],"outputFields":[]},"targetRefsV2":{},"targetUpdateColumns":[],"extendedObject":{"@type":"extendedObject","singleMode":true,"filters":[],"sortFields":[]},"runtimeAttrs":{},"isRESTModernSource":true,"isFileList":false,"handleSpecialChars":false,"handleDecimalRoundOff":false,"frsAsset":false,"dynamicFileName":false,"excludeDynamicFileNameField":false,"currentlyProcessedFileName":false,"retainFieldMetadata":false,"objectName":"c_ipr_etl_audit_file_ins_ipid_chk1.txt","objectLabel":"c_ipr_etl_audit_file_ins_ipid_chk1.txt","useExactSrcNames":false,"fetchMode":"ORIGINAL","tgtObjectAttributes":{},"runtimeParameterData":{"@type":"mtTaskRuntimeParameterData","isConnectionRuntimeParameter":true,"isObjectRuntimeParameter":false,"connectionParameterName":"c_ipr_etl_audit_file_ins_ipid_chkTgtParameter"},"overridableProperties":[],"overriddenFields":[]},{"@type":"mtTaskParameter","id":896599542,"name":"$c_ipr_etl_audit_file_upd$","type":"TARGET","label":"c_ipr_etl_audit_file_updTgtParameter","description":"","uiProperties":{"cnxtype":"CSVFile","connectionParameterized":"true","paramName":"c_ipr_etl_audit_file_updTgtParameter","paramLabel":"","paramType-mapping":"Connection","logcnx":"c_ipr_etl_audit_file_updTgtParameter","default":"c_ipr_etl_audit_file_s_m_pub_ctam_ods_sap_mpm_issue_upd1.txt","objectParameterized":"false","visible":"false","defaultTargetUpdateColumns":"","supportApplyDDLChanges":"false"},"targetConnectionId":"@9iHYw5fnEMEkp7huznjjIZ","targetObject":"c_ipr_etl_audit_file_s_m_pub_ctam_ods_sap_mpm_issue_upd1.txt","targetObjectLabel":"c_ipr_etl_audit_file_s_m_pub_ctam_ods_sap_mpm_issue_upd1.txt","newFlatFile":false,"newObject":true,"showBusinessNames":true,"naturalOrder":true,"newObjectName":"c_ipr_etl_audit_file_s_m_pub_ctam_ods_sap_mpm_issue_upd1.txt","truncateTarget":false,"bulkApiDBTarget":false,"operationType":"Insert","tgtFFAttrs":{"@type":"flatFileAttrs","id":96099278,"delimiter":",","textQualifier":"NONE","escapeChar":"","headerLineNo":1,"rowDelimiter":0,"consecutiveDelimiter":false,"multiDelimitersAsAnd":true},"customFuncCfg":{"@type":"customFuncConfig","id":-1,"connections":[],"inputMap":[],"outputFields":[]},"targetRefsV2":{},"targetUpdateColumns":[],"extendedObject":{"@type":"extendedObject","singleMode":true,"filters":[],"sortFields":[]},"runtimeAttrs":{},"isRESTModernSource":true,"isFileList":false,"handleSpecialChars":false,"handleDecimalRoundOff":false,"frsAsset":false,"dynamicFileName":false,"excludeDynamicFileNameField":false,"currentlyProcessedFileName":false,"retainFieldMetadata":false,"objectName":"c_ipr_etl_audit_file_s_m_pub_ctam_ods_sap_mpm_issue_upd1.txt","objectLabel":"c_ipr_etl_audit_file_s_m_pub_ctam_ods_sap_mpm_issue_upd1.txt","useExactSrcNames":false,"fetchMode":"ORIGINAL","tgtObjectAttributes":{},"runtimeParameterData":{"@type":"mtTaskRuntimeParameterData","isConnectionRuntimeParameter":true,"isObjectRuntimeParameter":false,"connectionParameterName":"c_ipr_etl_audit_file_updTgtParameter"},"overridableProperties":[],"overriddenFields":[]},{"@type":"mtTaskParameter","id":896599543,"name":"$c_ipr_etl_audit_file_upd_ipid_chk$","type":"TARGET","label":"c_ipr_etl_audit_file_upd_ipid_chkTgtParameter","description":"","uiProperties":{"cnxtype":"CSVFile","connectionParameterized":"true","paramName":"c_ipr_etl_audit_file_upd_ipid_chkTgtParameter","paramLabel":"","paramType-mapping":"Connection","logcnx":"c_ipr_etl_audit_file_upd_ipid_chkTgtParameter","default":"c_ipr_etl_audit_file_upd_ipid_chk1.txt","objectParameterized":"false","visible":"false","defaultTargetUpdateColumns":"","supportApplyDDLChanges":"false"},"targetConnectionId":"@9iHYw5fnEMEkp7huznjjIZ","targetObject":"c_ipr_etl_audit_file_upd_ipid_chk1.txt","targetObjectLabel":"c_ipr_etl_audit_file_upd_ipid_chk1.txt","newFlatFile":false,"newObject":true,"showBusinessNames":true,"naturalOrder":true,"newObjectName":"c_ipr_etl_audit_file_upd_ipid_chk1.txt","truncateTarget":false,"bulkApiDBTarget":false,"operationType":"Insert","tgtFFAttrs":{"@type":"flatFileAttrs","id":96099279,"delimiter":",","textQualifier":"NONE","escapeChar":"","headerLineNo":1,"rowDelimiter":0,"consecutiveDelimiter":false,"multiDelimitersAsAnd":true},"customFuncCfg":{"@type":"customFuncConfig","id":-1,"connections":[],"inputMap":[],"outputFields":[]},"targetRefsV2":{},"targetUpdateColumns":[],"extendedObject":{"@type":"extendedObject","singleMode":true,"filters":[],"sortFields":[]},"runtimeAttrs":{},"isRESTModernSource":true,"isFileList":false,"handleSpecialChars":false,"handleDecimalRoundOff":false,"frsAsset":false,"dynamicFileName":false,"excludeDynamicFileNameField":false,"currentlyProcessedFileName":false,"retainFieldMetadata":false,"objectName":"c_ipr_etl_audit_file_upd_ipid_chk1.txt","objectLabel":"c_ipr_etl_audit_file_upd_ipid_chk1.txt","useExactSrcNames":false,"fetchMode":"ORIGINAL","tgtObjectAttributes":{},"runtimeParameterData":{"@type":"mtTaskRuntimeParameterData","isConnectionRuntimeParameter":true,"isObjectRuntimeParameter":false,"connectionParameterName":"c_ipr_etl_audit_file_upd_ipid_chkTgtParameter"},"overridableProperties":[],"overriddenFields":[]},{"@type":"mtTaskParameter","id":896599544,"name":"$c_ipr_process_audit_upd$","type":"TARGET","label":"DBConnection_ipr_staging","description":"","uiProperties":{"cnxtype":"MySQL","connectionParameterized":"true","paramName":"DBConnection_ipr_staging","paramLabel":"","paramType-mapping":"Connection","logcnx":"DBConnection_ipr_staging","default":"c_ipr_process_audit","objectParameterized":"false","visible":"false","defaultTargetUpdateColumns":"","supportApplyDDLChanges":"false"},"targetConnectionId":"@42UcB6TXpoodkZTwZvNWge","targetObject":"c_ipr_process_audit","targetObjectLabel":"c_ipr_process_audit","newFlatFile":false,"newObject":false,"showBusinessNames":true,"naturalOrder":true,"truncateTarget":false,"bulkApiDBTarget":false,"operationType":"Insert","tgtFFAttrs":{"@type":"flatFileAttrs","id":96099280,"delimiter":"|","textQualifier":"NONE","escapeChar":"","headerLineNo":1,"rowDelimiter":0,"consecutiveDelimiter":false,"multiDelimitersAsAnd":true},"customFuncCfg":{"@type":"customFuncConfig","id":-1,"connections":[],"inputMap":[],"outputFields":[]},"targetRefsV2":{},"targetUpdateColumns":[],"extendedObject":{"@type":"extendedObject","singleMode":true,"filters":[],"sortFields":[]},"runtimeAttrs":{},"isRESTModernSource":true,"isFileList":false,"handleSpecialChars":false,"handleDecimalRoundOff":false,"frsAsset":false,"dynamicFileName":false,"excludeDynamicFileNameField":false,"currentlyProcessedFileName":false,"retainFieldMetadata":false,"objectName":"c_ipr_process_audit","objectLabel":"c_ipr_process_audit","useExactSrcNames":false,"fetchMode":"ORIGINAL","tgtObjectAttributes":{},"runtimeParameterData":{"@type":"mtTaskRuntimeParameterData","isConnectionRuntimeParameter":true,"isObjectRuntimeParameter":false,"connectionParameterName":"DBConnection_ipr_staging"},"overridableProperties":[],"overriddenFields":[]},{"@type":"mtTaskParameter","id":896599545,"name":"$c_ipr_process_audit_upd_ipid_chk$","type":"TARGET","label":"DBConnection_ipr_staging","description":"","uiProperties":{"cnxtype":"MySQL","connectionParameterized":"true","paramName":"DBConnection_ipr_staging","paramLabel":"","paramType-mapping":"Connection","logcnx":"DBConnection_ipr_staging","default":"c_ipr_process_audit","objectParameterized":"false","visible":"false","defaultTargetUpdateColumns":"wf_name,session_name,tgt_object_name","supportApplyDDLChanges":"false"},"targetConnectionId":"@42UcB6TXpoodkZTwZvNWge","targetObject":"c_ipr_process_audit","targetObjectLabel":"c_ipr_process_audit","newFlatFile":false,"newObject":false,"showBusinessNames":true,"naturalOrder":true,"truncateTarget":false,"bulkApiDBTarget":false,"operationType":"Insert","tgtFFAttrs":{"@type":"flatFileAttrs","id":96099281,"delimiter":"|","textQualifier":"NONE","escapeChar":"","headerLineNo":1,"rowDelimiter":0,"consecutiveDelimiter":false,"multiDelimitersAsAnd":true},"customFuncCfg":{"@type":"customFuncConfig","id":-1,"connections":[],"inputMap":[],"outputFields":[]},"targetRefsV2":{},"targetUpdateColumns":[],"extendedObject":{"@type":"extendedObject","singleMode":true,"filters":[],"sortFields":[]},"runtimeAttrs":{},"isRESTModernSource":true,"isFileList":false,"handleSpecialChars":false,"handleDecimalRoundOff":false,"frsAsset":false,"dynamicFileName":false,"excludeDynamicFileNameField":false,"currentlyProcessedFileName":false,"retainFieldMetadata":false,"objectName":"c_ipr_process_audit","objectLabel":"c_ipr_process_audit","useExactSrcNames":false,"fetchMode":"ORIGINAL","tgtObjectAttributes":{},"runtimeParameterData":{"@type":"mtTaskRuntimeParameterData","isConnectionRuntimeParameter":true,"isObjectRuntimeParameter":false,"connectionParameterName":"DBConnection_ipr_staging"},"overridableProperties":[],"overriddenFields":[]},{"@type":"mtTaskParameter","id":896599546,"name":"$ipr_mpmupdate_chk_ins$","type":"TARGET","label":"DBConnection_ipr","description":"","uiProperties":{"cnxtype":"MySQL","connectionParameterized":"true","paramName":"DBConnection_ipr","paramLabel":"","paramType-mapping":"Connection","logcnx":"DBConnection_ipr","default":"ipr_mpmupdate_chk","objectParameterized":"false","visible":"false","defaultTargetUpdateColumns":"mpm_issue_id","supportApplyDDLChanges":"false"},"targetConnectionId":"@1tXJUSD7yoHiA0ybdi4gAA","targetObject":"ipr_mpmupdate_chk","targetObjectLabel":"ipr_mpmupdate_chk","newFlatFile":false,"newObject":false,"showBusinessNames":true,"naturalOrder":true,"truncateTarget":false,"bulkApiDBTarget":false,"operationType":"Rowbased","tgtFFAttrs":{"@type":"flatFileAttrs","id":96099282,"delimiter":"|","textQualifier":"NONE","escapeChar":"","headerLineNo":1,"rowDelimiter":0,"consecutiveDelimiter":false,"multiDelimitersAsAnd":true},"customFuncCfg":{"@type":"customFuncConfig","id":-1,"connections":[],"inputMap":[],"outputFields":[]},"targetRefsV2":{},"targetUpdateColumns":["mpm_issue_id"],"extendedObject":{"@type":"extendedObject","singleMode":true,"filters":[],"sortFields":[]},"runtimeAttrs":{},"isRESTModernSource":true,"isFileList":false,"handleSpecialChars":false,"handleDecimalRoundOff":false,"frsAsset":false,"dynamicFileName":false,"excludeDynamicFileNameField":false,"currentlyProcessedFileName":false,"retainFieldMetadata":false,"objectName":"ipr_mpmupdate_chk","objectLabel":"ipr_mpmupdate_chk","useExactSrcNames":false,"fetchMode":"ORIGINAL","tgtObjectAttributes":{},"runtimeParameterData":{"@type":"mtTaskRuntimeParameterData","isConnectionRuntimeParameter":true,"isObjectRuntimeParameter":false,"connectionParameterName":"DBConnection_ipr"},"overridableProperties":[],"overriddenFields":[]},{"@type":"mtTaskParameter","id":896599547,"name":"$ipr_mpmupdate_chk_upd$","type":"TARGET","label":"DBConnection_ipr","description":"","uiProperties":{"cnxtype":"MySQL","connectionParameterized":"true","paramName":"DBConnection_ipr","paramLabel":"","paramType-mapping":"Connection","logcnx":"DBConnection_ipr","default":"ipr_mpmupdate_chk","objectParameterized":"false","visible":"false","defaultTargetUpdateColumns":"mpm_issue_id","supportApplyDDLChanges":"false"},"targetConnectionId":"@1tXJUSD7yoHiA0ybdi4gAA","targetObject":"ipr_mpmupdate_chk","targetObjectLabel":"ipr_mpmupdate_chk","newFlatFile":false,"newObject":false,"showBusinessNames":true,"naturalOrder":true,"truncateTarget":false,"bulkApiDBTarget":false,"operationType":"Rowbased","tgtFFAttrs":{"@type":"flatFileAttrs","id":96099283,"delimiter":"|","textQualifier":"NONE","escapeChar":"","headerLineNo":1,"rowDelimiter":0,"consecutiveDelimiter":false,"multiDelimitersAsAnd":true},"customFuncCfg":{"@type":"customFuncConfig","id":-1,"connections":[],"inputMap":[],"outputFields":[]},"targetRefsV2":{},"targetUpdateColumns":["mpm_issue_id"],"extendedObject":{"@type":"extendedObject","singleMode":true,"filters":[],"sortFields":[]},"runtimeAttrs":{},"isRESTModernSource":true,"isFileList":false,"handleSpecialChars":false,"handleDecimalRoundOff":false,"frsAsset":false,"dynamicFileName":false,"excludeDynamicFileNameField":false,"currentlyProcessedFileName":false,"retainFieldMetadata":false,"objectName":"ipr_mpmupdate_chk","objectLabel":"ipr_mpmupdate_chk","useExactSrcNames":false,"fetchMode":"ORIGINAL","tgtObjectAttributes":{},"runtimeParameterData":{"@type":"mtTaskRuntimeParameterData","isConnectionRuntimeParameter":true,"isObjectRuntimeParameter":false,"connectionParameterName":"DBConnection_ipr"},"overridableProperties":[],"overriddenFields":[]},{"@type":"mtTaskParameter","id":896599548,"name":"$ods_sap_mpm_issue_ins$","type":"TARGET","label":"DBConnection_ipr","description":"","uiProperties":{"cnxtype":"MySQL","connectionParameterized":"true","paramName":"DBConnection_ipr","paramLabel":"","paramType-mapping":"Connection","logcnx":"DBConnection_ipr","default":"ods_sap_mpm_issue","objectParameterized":"false","visible":"false","defaultTargetUpdateColumns":"mpm_issue_id","supportApplyDDLChanges":"false"},"targetConnectionId":"@1tXJUSD7yoHiA0ybdi4gAA","targetObject":"ods_sap_mpm_issue","targetObjectLabel":"ods_sap_mpm_issue","newFlatFile":false,"newObject":false,"showBusinessNames":true,"naturalOrder":true,"truncateTarget":false,"bulkApiDBTarget":false,"operationType":"Rowbased","tgtFFAttrs":{"@type":"flatFileAttrs","id":96099284,"delimiter":"|","textQualifier":"NONE","escapeChar":"","headerLineNo":1,"rowDelimiter":0,"consecutiveDelimiter":false,"multiDelimitersAsAnd":true},"customFuncCfg":{"@type":"customFuncConfig","id":-1,"connections":[],"inputMap":[],"outputFields":[]},"targetRefsV2":{},"targetUpdateColumns":["mpm_issue_id"],"extendedObject":{"@type":"extendedObject","singleMode":true,"filters":[],"sortFields":[]},"runtimeAttrs":{},"isRESTModernSource":true,"isFileList":false,"handleSpecialChars":false,"handleDecimalRoundOff":false,"frsAsset":false,"dynamicFileName":false,"excludeDynamicFileNameField":false,"currentlyProcessedFileName":false,"retainFieldMetadata":false,"objectName":"ods_sap_mpm_issue","objectLabel":"ods_sap_mpm_issue","useExactSrcNames":false,"fetchMode":"ORIGINAL","tgtObjectAttributes":{},"runtimeParameterData":{"@type":"mtTaskRuntimeParameterData","isConnectionRuntimeParameter":true,"isObjectRuntimeParameter":false,"connectionParameterName":"DBConnection_ipr"},"overridableProperties":[],"overriddenFields":[]},{"@type":"mtTaskParameter","id":896599549,"name":"$ods_sap_mpm_issue_upd$","type":"TARGET","label":"DBConnection_ipr","description":"","uiProperties":{"cnxtype":"MySQL","connectionParameterized":"true","paramName":"DBConnection_ipr","paramLabel":"","paramType-mapping":"Connection","logcnx":"DBConnection_ipr","default":"ods_sap_mpm_issue","objectParameterized":"false","visible":"false","defaultTargetUpdateColumns":"mpm_issue_id","supportApplyDDLChanges":"false"},"targetConnectionId":"@1tXJUSD7yoHiA0ybdi4gAA","targetObject":"ods_sap_mpm_issue","targetObjectLabel":"ods_sap_mpm_issue","newFlatFile":false,"newObject":false,"showBusinessNames":true,"naturalOrder":true,"truncateTarget":false,"bulkApiDBTarget":false,"operationType":"Rowbased","tgtFFAttrs":{"@type":"flatFileAttrs","id":96099285,"delimiter":"|","textQualifier":"NONE","escapeChar":"","headerLineNo":1,"rowDelimiter":0,"consecutiveDelimiter":false,"multiDelimitersAsAnd":true},"customFuncCfg":{"@type":"customFuncConfig","id":-1,"connections":[],"inputMap":[],"outputFields":[]},"targetRefsV2":{},"targetUpdateColumns":["mpm_issue_id"],"extendedObject":{"@type":"extendedObject","singleMode":true,"filters":[],"sortFields":[]},"runtimeAttrs":{},"isRESTModernSource":true,"isFileList":false,"handleSpecialChars":false,"handleDecimalRoundOff":false,"frsAsset":false,"dynamicFileName":false,"excludeDynamicFileNameField":false,"currentlyProcessedFileName":false,"retainFieldMetadata":false,"objectName":"ods_sap_mpm_issue","objectLabel":"ods_sap_mpm_issue","useExactSrcNames":false,"fetchMode":"ORIGINAL","tgtObjectAttributes":{},"runtimeParameterData":{"@type":"mtTaskRuntimeParameterData","isConnectionRuntimeParameter":true,"isObjectRuntimeParameter":false,"connectionParameterName":"DBConnection_ipr"},"overridableProperties":[],"overriddenFields":[]},{"@type":"mtTaskParameter","id":896599550,"name":"$LKP_ipr2sap$","type":"LOOKUP","label":"LKP_ipr2sap","uiProperties":{"connectionParameterized":"false","isCachedLookup":"true","multipleMatchPolicy":"Use Any Value","objectParameterized":"false","visible":"false"},"lookupConnectionId":"@1tXJUSD7yoHiA0ybdi4gAA","lookupObject":"ipr2sap_runtime_params","lookupObjectLabel":"ipr2sap_runtime_params","newFlatFile":false,"newObject":false,"showBusinessNames":false,"naturalOrder":true,"truncateTarget":false,"bulkApiDBTarget":false,"customFuncCfg":{"@type":"customFuncConfig","id":-1,"connections":[],"inputMap":[],"outputFields":[]},"targetRefsV2":{},"targetUpdateColumns":[],"runtimeAttrs":{"Cache File Name Prefix":"","Lookup Index Cache Size":"AUTO","Optional":"true","Lookup cache persistent":"false","Lookup source is static":"false","Lookup Sql Override":"","Update Dynamic Cache Condition":"TRUE","Re-cache from lookup source":"false","Insert Else Update":"false","Lookup caching enabled":"true","Lookup Data Cache Size":"AUTO","Tracing Level":"Normal","Subsecond Precision":"6","Lookup cache directory name":"$PMCacheDir","Output Old Value On Update":"false","Lookup Source Filter":"","Dynamic Lookup Cache":"false","Pre-build lookup cache":"AUTO","Synchronize dynamic cache":"false"},"isRESTModernSource":true,"isFileList":false,"handleSpecialChars":false,"handleDecimalRoundOff":false,"frsAsset":false,"dynamicFileName":false,"excludeDynamicFileNameField":false,"currentlyProcessedFileName":false,"retainFieldMetadata":false,"objectName":"ipr2sap_runtime_params","objectLabel":"ipr2sap_runtime_params","useExactSrcNames":false,"fetchMode":"ORIGINAL","tgtObjectAttributes":{},"runtimeParameterData":{"@type":"mtTaskRuntimeParameterData","isConnectionRuntimeParameter":false,"isObjectRuntimeParameter":false},"overridableProperties":[],"overriddenFields":[]},{"@type":"mtTaskParameter","id":896599551,"name":"$LKP_ipr_mpmupdate_chk$","type":"LOOKUP","label":"DBConnection_ipr","description":"","uiProperties":{"cnxtype":"MySQL","connectionParameterized":"true","paramName":"DBConnection_ipr","paramLabel":"","paramType-mapping":"Connection","logcnx":"DBConnection_ipr","isCachedLookup":"true","multipleMatchPolicy":"Use Any Value","default":"ipr_mpmupdate_chk","objectParameterized":"false","visible":"false"},"lookupConnectionId":"@1tXJUSD7yoHiA0ybdi4gAA","lookupObject":"ipr_mpmupdate_chk","lookupObjectLabel":"ipr_mpmupdate_chk","newFlatFile":false,"newObject":false,"showBusinessNames":true,"naturalOrder":true,"truncateTarget":false,"bulkApiDBTarget":false,"customFuncCfg":{"@type":"customFuncConfig","id":-1,"connections":[],"inputMap":[],"outputFields":[]},"targetRefsV2":{},"targetUpdateColumns":[],"runtimeAttrs":{"Cache File Name Prefix":"","Lookup Index Cache Size":"AUTO","Optional":"true","Lookup cache persistent":"false","Lookup source is static":"false","Lookup Sql Override":"","Update Dynamic Cache Condition":"TRUE","Re-cache from lookup source":"false","Insert Else Update":"false","Lookup caching enabled":"true","Lookup Data Cache Size":"AUTO","Tracing Level":"Normal","Subsecond Precision":"6","Lookup cache directory name":"$PMCacheDir","Output Old Value On Update":"false","Lookup Source Filter":"","Dynamic Lookup Cache":"false","Pre-build lookup cache":"AUTO","Synchronize dynamic cache":"false"},"isRESTModernSource":true,"isFileList":false,"handleSpecialChars":false,"handleDecimalRoundOff":false,"frsAsset":false,"dynamicFileName":false,"excludeDynamicFileNameField":false,"currentlyProcessedFileName":false,"retainFieldMetadata":false,"objectName":"ipr_mpmupdate_chk","objectLabel":"ipr_mpmupdate_chk","useExactSrcNames":false,"fetchMode":"ORIGINAL","tgtObjectAttributes":{},"runtimeParameterData":{"@type":"mtTaskRuntimeParameterData","isConnectionRuntimeParameter":true,"isObjectRuntimeParameter":false,"connectionParameterName":"DBConnection_ipr"},"overridableProperties":[],"overriddenFields":[]},{"@type":"mtTaskParameter","id":896599552,"name":"$lkp_ods_sap_mpm_issue$","type":"LOOKUP","label":"DBConnection_ipr","description":"","uiProperties":{"cnxtype":"MySQL","connectionParameterized":"true","paramName":"DBConnection_ipr","paramLabel":"","paramType-mapping":"Connection","logcnx":"DBConnection_ipr","isCachedLookup":"true","multipleMatchPolicy":"Use Any Value","default":"ods_sap_mpm_issue","objectParameterized":"false","visible":"false"},"lookupConnectionId":"@1tXJUSD7yoHiA0ybdi4gAA","lookupObject":"ods_sap_mpm_issue","lookupObjectLabel":"ods_sap_mpm_issue","newFlatFile":false,"newObject":false,"showBusinessNames":true,"naturalOrder":true,"truncateTarget":false,"bulkApiDBTarget":false,"customFuncCfg":{"@type":"customFuncConfig","id":-1,"connections":[],"inputMap":[],"outputFields":[]},"targetRefsV2":{},"targetUpdateColumns":[],"runtimeAttrs":{"Cache File Name Prefix":"","Lookup Index Cache Size":"AUTO","Optional":"true","Lookup cache persistent":"false","Lookup source is static":"false","Lookup Sql Override":"","Update Dynamic Cache Condition":"TRUE","Re-cache from lookup source":"false","Insert Else Update":"false","Lookup caching enabled":"true","Lookup Data Cache Size":"AUTO","Tracing Level":"Normal","Subsecond Precision":"6","Lookup cache directory name":"$PMCacheDir","Output Old Value On Update":"false","Lookup Source Filter":"","Dynamic Lookup Cache":"false","Pre-build lookup cache":"AUTO","Synchronize dynamic cache":"false"},"isRESTModernSource":true,"isFileList":false,"handleSpecialChars":false,"handleDecimalRoundOff":false,"frsAsset":false,"dynamicFileName":false,"excludeDynamicFileNameField":false,"currentlyProcessedFileName":false,"retainFieldMetadata":false,"objectName":"ods_sap_mpm_issue","objectLabel":"ods_sap_mpm_issue","useExactSrcNames":false,"fetchMode":"ORIGINAL","tgtObjectAttributes":{},"runtimeParameterData":{"@type":"mtTaskRuntimeParameterData","isConnectionRuntimeParameter":true,"isObjectRuntimeParameter":false,"connectionParameterName":"DBConnection_ipr"},"overridableProperties":[],"overriddenFields":[]},{"@type":"mtTaskParameter","id":896599553,"name":"$mplt_update_audit_stats_LKP_c_ipr_etl_audit_Sessioninfo1$","type":"LOOKUP","label":"mplt_update_audit_stats_LKP_c_ipr_etl_audit_Sessioninfo1","uiProperties":{},"lookupConnectionId":"@42UcB6TXpoodkZTwZvNWge","lookupObject":"c_ipr_process_audit","lookupObjectLabel":"c_ipr_process_audit","newFlatFile":false,"newObject":false,"showBusinessNames":true,"naturalOrder":true,"truncateTarget":false,"bulkApiDBTarget":false,"customFuncCfg":{"@type":"customFuncConfig","id":-1,"connections":[],"inputMap":[],"outputFields":[]},"targetRefsV2":{},"targetUpdateColumns":[],"runtimeAttrs":{"Cache File Name Prefix":"","Lookup Index Cache Size":"AUTO","Optional":"true","Lookup cache persistent":"false","Lookup source is static":"false","Lookup Sql Override":"","Update Dynamic Cache Condition":"TRUE","Re-cache from lookup source":"false","Insert Else Update":"false","Lookup caching enabled":"true","Lookup Data Cache Size":"AUTO","Tracing Level":"Normal","Subsecond Precision":"6","Lookup cache directory name":"$PMCacheDir","Output Old Value On Update":"false","Lookup Source Filter":"","Dynamic Lookup Cache":"false","Pre-build lookup cache":"AUTO","Synchronize dynamic cache":"false"},"isRESTModernSource":true,"isFileList":false,"handleSpecialChars":false,"handleDecimalRoundOff":false,"frsAsset":false,"dynamicFileName":false,"excludeDynamicFileNameField":false,"currentlyProcessedFileName":false,"retainFieldMetadata":false,"objectName":"c_ipr_process_audit","objectLabel":"c_ipr_process_audit","useExactSrcNames":false,"fetchMode":"ORIGINAL","tgtObjectAttributes":{},"runtimeParameterData":{"@type":"mtTaskRuntimeParameterData","isConnectionRuntimeParameter":false,"isObjectRuntimeParameter":true,"objectParameterName":"mplt_update_audit_stats_param_c_ipr_process_audit","objectDefaultValue":"c_ipr_process_audit"},"overridableProperties":[],"overriddenFields":[]},{"@type":"mtTaskParameter","id":896599554,"name":"$mplt_update_audit_stats_LKP_c_ipr_etl_ctl_WfLoadRunId1$","type":"LOOKUP","label":"mplt_update_audit_stats_LKP_c_ipr_etl_ctl_WfLoadRunId1","uiProperties":{},"lookupConnectionId":"@42UcB6TXpoodkZTwZvNWge","lookupObject":"c_ipr_etl_ctl","lookupObjectLabel":"c_ipr_etl_ctl","newFlatFile":false,"newObject":false,"showBusinessNames":false,"naturalOrder":true,"truncateTarget":false,"bulkApiDBTarget":false,"customFuncCfg":{"@type":"customFuncConfig","id":-1,"connections":[],"inputMap":[],"outputFields":[]},"targetRefsV2":{},"targetUpdateColumns":[],"runtimeAttrs":{"Cache File Name Prefix":"","Lookup Index Cache Size":"AUTO","Optional":"true","Lookup cache persistent":"false","Lookup source is static":"false","Lookup Sql Override":"SELECT  max(load_run_id) AS load_run_id,  wf_name AS wf_name from ipr_staging.c_ipr_etl_ctl where process_status='S' and wf_name='wf_Pub_CTaM_IPR_Data_Load' group by wf_name, process_status","Update Dynamic Cache Condition":"TRUE","Re-cache from lookup source":"false","Insert Else Update":"false","Lookup caching enabled":"true","Lookup Data Cache Size":"AUTO","Tracing Level":"Normal","Subsecond Precision":"6","Lookup cache directory name":"$PMCacheDir","Output Old Value On Update":"false","Lookup Source Filter":"","Dynamic Lookup Cache":"false","Pre-build lookup cache":"AUTO","Synchronize dynamic cache":"false"},"isRESTModernSource":true,"isFileList":false,"handleSpecialChars":false,"handleDecimalRoundOff":false,"frsAsset":false,"dynamicFileName":false,"excludeDynamicFileNameField":false,"currentlyProcessedFileName":false,"retainFieldMetadata":false,"objectName":"c_ipr_etl_ctl","objectLabel":"c_ipr_etl_ctl","useExactSrcNames":false,"fetchMode":"ORIGINAL","tgtObjectAttributes":{},"runtimeParameterData":{"@type":"mtTaskRuntimeParameterData","isConnectionRuntimeParameter":false,"isObjectRuntimeParameter":false},"overridableProperties":[],"overriddenFields":[]},{"@type":"mtTaskParameter","id":896599555,"name":"$mplt_update_audit_stats_ipid_chk_LKP_c_ipr_etl_audit_Sessioninfo1$","type":"LOOKUP","label":"mplt_update_audit_stats_ipid_chk_LKP_c_ipr_etl_audit_Sessioninfo1","uiProperties":{},"lookupConnectionId":"@42UcB6TXpoodkZTwZvNWge","lookupObject":"c_ipr_process_audit","lookupObjectLabel":"c_ipr_process_audit","newFlatFile":false,"newObject":false,"showBusinessNames":true,"naturalOrder":true,"truncateTarget":false,"bulkApiDBTarget":false,"customFuncCfg":{"@type":"customFuncConfig","id":-1,"connections":[],"inputMap":[],"outputFields":[]},"targetRefsV2":{},"targetUpdateColumns":[],"runtimeAttrs":{"Cache File Name Prefix":"","Lookup Index Cache Size":"AUTO","Optional":"true","Lookup cache persistent":"false","Lookup source is static":"false","Lookup Sql Override":"","Update Dynamic Cache Condition":"TRUE","Re-cache from lookup source":"false","Insert Else Update":"false","Lookup caching enabled":"true","Lookup Data Cache Size":"AUTO","Tracing Level":"Normal","Subsecond Precision":"6","Lookup cache directory name":"$PMCacheDir","Output Old Value On Update":"false","Lookup Source Filter":"","Dynamic Lookup Cache":"false","Pre-build lookup cache":"AUTO","Synchronize dynamic cache":"false"},"isRESTModernSource":true,"isFileList":false,"handleSpecialChars":false,"handleDecimalRoundOff":false,"frsAsset":false,"dynamicFileName":false,"excludeDynamicFileNameField":false,"currentlyProcessedFileName":false,"retainFieldMetadata":false,"objectName":"c_ipr_process_audit","objectLabel":"c_ipr_process_audit","useExactSrcNames":false,"fetchMode":"ORIGINAL","tgtObjectAttributes":{},"runtimeParameterData":{"@type":"mtTaskRuntimeParameterData","isConnectionRuntimeParameter":false,"isObjectRuntimeParameter":true,"objectParameterName":"mplt_update_audit_stats_ipid_chk_param_c_ipr_process_audit","objectDefaultValue":"c_ipr_process_audit"},"overridableProperties":[],"overriddenFields":[]},{"@type":"mtTaskParameter","id":896599556,"name":"$mplt_update_audit_stats_ipid_chk_LKP_c_ipr_etl_ctl_WfLoadRunId1$","type":"LOOKUP","label":"mplt_update_audit_stats_ipid_chk_LKP_c_ipr_etl_ctl_WfLoadRunId1","uiProperties":{},"lookupConnectionId":"@42UcB6TXpoodkZTwZvNWge","lookupObject":"c_ipr_etl_ctl","lookupObjectLabel":"c_ipr_etl_ctl","newFlatFile":false,"newObject":false,"showBusinessNames":false,"naturalOrder":true,"truncateTarget":false,"bulkApiDBTarget":false,"customFuncCfg":{"@type":"customFuncConfig","id":-1,"connections":[],"inputMap":[],"outputFields":[]},"targetRefsV2":{},"targetUpdateColumns":[],"runtimeAttrs":{"Cache File Name Prefix":"","Lookup Index Cache Size":"AUTO","Optional":"true","Lookup cache persistent":"false","Lookup source is static":"false","Lookup Sql Override":"SELECT  max(load_run_id) AS load_run_id,  wf_name AS wf_name from ipr_staging.c_ipr_etl_ctl where process_status='S' and wf_name='wf_Pub_CTaM_IPR_Data_Load' group by wf_name, process_status","Update Dynamic Cache Condition":"TRUE","Re-cache from lookup source":"false","Insert Else Update":"false","Lookup caching enabled":"true","Lookup Data Cache Size":"AUTO","Tracing Level":"Normal","Subsecond Precision":"6","Lookup cache directory name":"$PMCacheDir","Output Old Value On Update":"false","Lookup Source Filter":"","Dynamic Lookup Cache":"false","Pre-build lookup cache":"AUTO","Synchronize dynamic cache":"false"},"isRESTModernSource":true,"isFileList":false,"handleSpecialChars":false,"handleDecimalRoundOff":false,"frsAsset":false,"dynamicFileName":false,"excludeDynamicFileNameField":false,"currentlyProcessedFileName":false,"retainFieldMetadata":false,"objectName":"c_ipr_etl_ctl","objectLabel":"c_ipr_etl_ctl","useExactSrcNames":false,"fetchMode":"ORIGINAL","tgtObjectAttributes":{},"runtimeParameterData":{"@type":"mtTaskRuntimeParameterData","isConnectionRuntimeParameter":false,"isObjectRuntimeParameter":false},"overridableProperties":[],"overriddenFields":[]},{"@type":"mtTaskParameter","id":896599557,"name":"$lkp_condition_LKP_ipr2sap$","type":"STRING","text":"param_key = in_string","label":"lkp_condition_LKP_ipr2sap","description":"","uiProperties":{"paramName":"lkp_condition_LKP_ipr2sap","paramLabel":"","paramType-mapping":"Expression","default":"param_key = in_string","paramtype":"Expression"},"newFlatFile":false,"newObject":false,"showBusinessNames":true,"naturalOrder":true,"truncateTarget":false,"bulkApiDBTarget":false,"customFuncCfg":{"@type":"customFuncConfig","id":-1,"connections":[],"inputMap":[],"outputFields":[]},"targetRefsV2":{},"targetUpdateColumns":[],"runtimeAttrs":{},"isRESTModernSource":true,"isFileList":false,"handleSpecialChars":false,"handleDecimalRoundOff":false,"frsAsset":false,"dynamicFileName":false,"excludeDynamicFileNameField":false,"currentlyProcessedFileName":false,"retainFieldMetadata":false,"useExactSrcNames":false,"fetchMode":"ORIGINAL","tgtObjectAttributes":{},"runtimeParameterData":{"@type":"mtTaskRuntimeParameterData","isConnectionRuntimeParameter":false,"isObjectRuntimeParameter":false},"overridableProperties":[],"overriddenFields":[]},{"@type":"mtTaskParameter","id":896599558,"name":"$lkp_condition_LKP_ipr_mpmupdate_chk$","type":"STRING","text":"mpm_issue_id = in_mpm_issue_id","label":"lkp_condition_LKP_ipr_mpmupdate_chk","description":"","uiProperties":{"paramName":"lkp_condition_LKP_ipr_mpmupdate_chk","paramLabel":"","paramType-mapping":"Expression","default":"mpm_issue_id = in_mpm_issue_id","paramtype":"Expression"},"newFlatFile":false,"newObject":false,"showBusinessNames":true,"naturalOrder":true,"truncateTarget":false,"bulkApiDBTarget":false,"customFuncCfg":{"@type":"customFuncConfig","id":-1,"connections":[],"inputMap":[],"outputFields":[]},"targetRefsV2":{},"targetUpdateColumns":[],"runtimeAttrs":{},"isRESTModernSource":true,"isFileList":false,"handleSpecialChars":false,"handleDecimalRoundOff":false,"frsAsset":false,"dynamicFileName":false,"excludeDynamicFileNameField":false,"currentlyProcessedFileName":false,"retainFieldMetadata":false,"useExactSrcNames":false,"fetchMode":"ORIGINAL","tgtObjectAttributes":{},"runtimeParameterData":{"@type":"mtTaskRuntimeParameterData","isConnectionRuntimeParameter":false,"isObjectRuntimeParameter":false},"overridableProperties":[],"overriddenFields":[]},{"@type":"mtTaskParameter","id":896599559,"name":"$lkp_condition_lkp_ods_sap_mpm_issue$","type":"STRING","text":"mpm_issue_id = in_mpm_issue_id","label":"lkp_condition_lkp_ods_sap_mpm_issue","description":"","uiProperties":{"paramName":"lkp_condition_lkp_ods_sap_mpm_issue","paramLabel":"","paramType-mapping":"Expression","default":"mpm_issue_id = in_mpm_issue_id","paramtype":"Expression"},"newFlatFile":false,"newObject":false,"showBusinessNames":true,"naturalOrder":true,"truncateTarget":false,"bulkApiDBTarget":false,"customFuncCfg":{"@type":"customFuncConfig","id":-1,"connections":[],"inputMap":[],"outputFields":[]},"targetRefsV2":{},"targetUpdateColumns":[],"runtimeAttrs":{},"isRESTModernSource":true,"isFileList":false,"handleSpecialChars":false,"handleDecimalRoundOff":false,"frsAsset":false,"dynamicFileName":false,"excludeDynamicFileNameField":false,"currentlyProcessedFileName":false,"retainFieldMetadata":false,"useExactSrcNames":false,"fetchMode":"ORIGINAL","tgtObjectAttributes":{},"runtimeParameterData":{"@type":"mtTaskRuntimeParameterData","isConnectionRuntimeParameter":false,"isObjectRuntimeParameter":false},"overridableProperties":[],"overriddenFields":[]},{"@type":"mtTaskParameter","id":896599560,"name":"$mplt_update_audit_stats_ipid_chk_lkp_condition_LKP_c_ipr_etl_audit_Sessioninfo1$","type":"STRING","text":"session_name = in_session AND tgt_object_name = in_tgt_object","label":"mplt_update_audit_stats_ipid_chk_lkp_condition_LKP_c_ipr_etl_audit_Sessioninfo1","description":"","uiProperties":{},"newFlatFile":false,"newObject":false,"showBusinessNames":true,"naturalOrder":true,"truncateTarget":false,"bulkApiDBTarget":false,"customFuncCfg":{"@type":"customFuncConfig","id":-1,"connections":[],"inputMap":[],"outputFields":[]},"targetRefsV2":{},"targetUpdateColumns":[],"runtimeAttrs":{},"isRESTModernSource":true,"isFileList":false,"handleSpecialChars":false,"handleDecimalRoundOff":false,"frsAsset":false,"dynamicFileName":false,"excludeDynamicFileNameField":false,"currentlyProcessedFileName":false,"retainFieldMetadata":false,"useExactSrcNames":false,"fetchMode":"ORIGINAL","tgtObjectAttributes":{},"runtimeParameterData":{"@type":"mtTaskRuntimeParameterData","isConnectionRuntimeParameter":false,"isObjectRuntimeParameter":false},"overridableProperties":[],"overriddenFields":[]},{"@type":"mtTaskParameter","id":896599561,"name":"$mplt_update_audit_stats_lkp_condition_LKP_c_ipr_etl_audit_Sessioninfo1$","type":"STRING","text":"session_name = in_session AND tgt_object_name = in_tgt_object","label":"mplt_update_audit_stats_lkp_condition_LKP_c_ipr_etl_audit_Sessioninfo1","description":"","uiProperties":{},"newFlatFile":false,"newObject":false,"showBusinessNames":true,"naturalOrder":true,"truncateTarget":false,"bulkApiDBTarget":false,"customFuncCfg":{"@type":"customFuncConfig","id":-1,"connections":[],"inputMap":[],"outputFields":[]},"targetRefsV2":{},"targetUpdateColumns":[],"runtimeAttrs":{},"isRESTModernSource":true,"isFileList":false,"handleSpecialChars":false,"handleDecimalRoundOff":false,"frsAsset":false,"dynamicFileName":false,"excludeDynamicFileNameField":false,"currentlyProcessedFileName":false,"retainFieldMetadata":false,"useExactSrcNames":false,"fetchMode":"ORIGINAL","tgtObjectAttributes":{},"runtimeParameterData":{"@type":"mtTaskRuntimeParameterData","isConnectionRuntimeParameter":false,"isObjectRuntimeParameter":false},"overridableProperties":[],"overriddenFields":[]}],"sequences":[],"inOutParameters":[{"@type":"mtTaskInOutParameter","id":"-1","name":"delete_ind","description":"","initialValue":"","datatype":"INTEGER","precision":"10","scale":"0","retentionPolicy":"NEVER","aggregationType":"MAX","currentValue":""},{"@type":"mtTaskInOutParameter","id":"-1","name":"Stage_Schema","description":"","initialValue":"","datatype":"STRING","precision":"50","scale":"0","retentionPolicy":"NEVER","aggregationType":"MAX","currentValue":""},{"@type":"mtTaskInOutParameter","id":"-1","name":"ipr_schema","description":"","initialValue":"ipr","datatype":"STRING","precision":"50","scale":"0","retentionPolicy":"NEVER","aggregationType":"MAX","currentValue":"ipr"},{"@type":"mtTaskInOutParameter","id":"-1","name":"ctam_schema","description":"","initialValue":"dtss_ctam","datatype":"STRING","precision":"50","scale":"0","retentionPolicy":"NEVER","aggregationType":"MAX","currentValue":"dtss_ctam"},{"@type":"mtTaskInOutParameter","id":"-1","name":"End_delta_timestamp","description":"","initialValue":"01/01/2099 01:01:01","datatype":"STRING","precision":"30","scale":"0","retentionPolicy":"NEVER","aggregationType":"MAX","currentValue":"01/01/2099 01:01:01"},{"@type":"mtTaskInOutParameter","id":"-1","name":"Delta_timestamp","description":"","initialValue":"2023/10/01 00:00:00.000000","datatype":"STRING","precision":"30","scale":"0","retentionPolicy":"NEVER","aggregationType":"MAX","currentValue":"2023/10/01 00:00:00.000000"},{"@type":"mtTaskInOutParameter","id":"-1","name":"tgt_object_name","description":"","initialValue":"","datatype":"STRING","precision":"60","scale":"0","retentionPolicy":"NEVER","aggregationType":"MAX","currentValue":""},{"@type":"mtTaskInOutParameter","id":"-1","name":"src_delta_column","description":"","initialValue":"","datatype":"STRING","precision":"45","scale":"0","retentionPolicy":"NEVER","aggregationType":"MAX","currentValue":""},{"@type":"mtTaskInOutParameter","id":"-1","name":"src_delta_value","description":"","initialValue":"","datatype":"STRING","precision":"45","scale":"0","retentionPolicy":"NEVER","aggregationType":"MAX","currentValue":""},{"@type":"mtTaskInOutParameter","id":"-1","name":"disable_foreign","description":"","initialValue":"","datatype":"STRING","precision":"200","scale":"0","retentionPolicy":"NEVER","aggregationType":"MAX","currentValue":""},{"@type":"mtTaskInOutParameter","id":"-1","name":"enable_foreign","description":"","initialValue":"","datatype":"STRING","precision":"200","scale":"0","retentionPolicy":"NEVER","aggregationType":"MAX","currentValue":""},{"@type":"mtTaskInOutParameter","id":"-1","name":"ipr_delete_status","description":"","initialValue":"","datatype":"INTEGER","precision":"10","scale":"0","retentionPolicy":"NEVER","aggregationType":"MAX","currentValue":""},{"@type":"mtTaskInOutParameter","id":"-1","name":"use_override_for_delete","description":"","initialValue":"","datatype":"STRING","precision":"10","scale":"0","retentionPolicy":"NEVER","aggregationType":"MAX","currentValue":""},{"@type":"mtTaskInOutParameter","id":"-1","name":"tgt_object_name_ipid_chk","description":"","initialValue":"","datatype":"STRING","precision":"70","scale":"0","retentionPolicy":"NEVER","aggregationType":"MAX","currentValue":""},{"@type":"mtTaskInOutParameter","id":"-1","name":"ipr2sap_key","description":"","initialValue":"","datatype":"STRING","precision":"50","scale":"0","retentionPolicy":"NEVER","aggregationType":"MAX","currentValue":""},{"@type":"mtTaskInOutParameter","id":"-1","name":"ipr2sap_check_for_rerun","description":"","initialValue":"","datatype":"STRING","precision":"50","scale":"0","retentionPolicy":"NEVER","aggregationType":"MAX","currentValue":""},{"@type":"mtTaskInOutParameter","id":"-1","name":"ip_id_filter","description":"","initialValue":"","datatype":"STRING","precision":"150","scale":"0","retentionPolicy":"NEVER","aggregationType":"MAX","currentValue":""},{"@type":"mtTaskInOutParameter","id":"-1","name":"mplt_update_audit_stats_ipid_chk_src_system_name","description":"","initialValue":"","datatype":"STRING","precision":"65","scale":"0","retentionPolicy":"NEVER","aggregationType":"MAX","currentValue":""},{"@type":"mtTaskInOutParameter","id":"-1","name":"mplt_update_audit_stats_ipid_chk_src_object_name","description":"","initialValue":"","datatype":"STRING","precision":"65","scale":"0","retentionPolicy":"NEVER","aggregationType":"MAX","currentValue":""},{"@type":"mtTaskInOutParameter","id":"-1","name":"mplt_update_audit_stats_ipid_chk_process_status_c","description":"","initialValue":"","datatype":"STRING","precision":"10","scale":"0","retentionPolicy":"NEVER","aggregationType":"MAX","currentValue":""},{"@type":"mtTaskInOutParameter","id":"-1","name":"mplt_update_audit_stats_ipid_chk_process_status_s","description":"","initialValue":"","datatype":"STRING","precision":"10","scale":"0","retentionPolicy":"NEVER","aggregationType":"MAX","currentValue":""},{"@type":"mtTaskInOutParameter","id":"-1","name":"mplt_update_audit_stats_ipid_chk_Stage_Schema","description":"","initialValue":"","datatype":"STRING","precision":"45","scale":"0","retentionPolicy":"NEVER","aggregationType":"MAX","currentValue":""},{"@type":"mtTaskInOutParameter","id":"-1","name":"mplt_update_audit_stats_src_system_name","description":"","initialValue":"","datatype":"STRING","precision":"65","scale":"0","retentionPolicy":"NEVER","aggregationType":"MAX","currentValue":""},{"@type":"mtTaskInOutParameter","id":"-1","name":"mplt_update_audit_stats_src_object_name","description":"","initialValue":"","datatype":"STRING","precision":"65","scale":"0","retentionPolicy":"NEVER","aggregationType":"MAX","currentValue":""},{"@type":"mtTaskInOutParameter","id":"-1","name":"mplt_update_audit_stats_process_status_c","description":"","initialValue":"","datatype":"STRING","precision":"10","scale":"0","retentionPolicy":"NEVER","aggregationType":"MAX","currentValue":""},{"@type":"mtTaskInOutParameter","id":"-1","name":"mplt_update_audit_stats_process_status_s","description":"","initialValue":"","datatype":"STRING","precision":"10","scale":"0","retentionPolicy":"NEVER","aggregationType":"MAX","currentValue":""},{"@type":"mtTaskInOutParameter","id":"-1","name":"mplt_update_audit_stats_Stage_Schema","description":"","initialValue":"","datatype":"STRING","precision":"45","scale":"0","retentionPolicy":"NEVER","aggregationType":"MAX","currentValue":""}],"connRuntimeAttrs":[]}]