[{"@type":"mtTask","id":"@1","name":"ClarityEncounterDataMappingTask","description":"Some description","runtimeEnvironmentId":"@3TRdymd0I7nj1azisVoLqs","maxLogs":10,"verbose":false,"mappingId":"@2eO7YZqnCpBkOSnUXj5uMo","frsGuid":"32NfgXstdPUgLDnTMZSsaU","shortDescription":"Some description","sessionPropertiesList":[],"enableCrossSchemaPushdown":true,"enableParallelRun":false,"autoTunedApplied":false,"autoTunedAppliedType":"NONE","paramFileType":"PARAM_FILE_LOCAL","schemaMode":"async","parameterFileEncoding":"UTF-8","serverlessProperties":{},"taskProperties":[{"@type":"taskProperty","name":"parameterFileDir","currentValue":"","type":"STRING","label":"label.parameterFileDir","required":false},{"@type":"taskProperty","name":"parameterFileName","currentValue":"","type":"STRING","label":"label.parameterFileName","required":false}],"parameters":[{"@type":"mtTaskParameter","id":303212380,"name":"$src$","type":"EXTENDED_SOURCE","label":"Source (p_src_conn)","description":"Select any available source connection or create a new connection connection.","uiProperties":{"connectionParameterized":"true","logcnx":"p_src_conn","isMsrcFilterParameterized":"false","isMsrcSortParameterized":"false","objlabel":"Source","origobjlabel":"Source","objectParameterized":"true","objDesc":"Select the source object read data from.","originalPath":"src"},"sourceConnectionId":"@jG7UNWMRgskdbCakgjNnwc","newFlatFile":false,"newObject":false,"showBusinessNames":true,"naturalOrder":true,"truncateTarget":false,"bulkApiDBTarget":false,"customFuncCfg":{"@type":"customFuncConfig","id":-1,"connections":[],"inputMap":[],"outputFields":[]},"targetRefsV2":{},"targetUpdateColumns":[],"extendedObject":{"@type":"extendedObject","singleMode":false,"filters":[],"sortFields":[]},"runtimeAttrs":{},"isRESTModernSource":true,"customQuery":"Select DISTINCT\n\thspaccount.HSP_ACCOUNT_ID\t\t\t\t\t\t\t\t\t\t\t\t\t\t\t\t\t\t\t\t\t\t\t\tAS 'EncounterRecordNumber'\n\t,mrn.IDENTITY_ID\t\t\t\t\t\t\t\t\t\t\t\t\t\t\t\t\t\t\t\t\t\t\t\t\t\tAS 'MedicalRecordNumber'\n\t,loc.LOC_ID,0\t\t\t\t\t\t\t\t\t\t\t\t\t\t\t\t\t\t\t\t\t\t\t\t\t\t\tAS 'LocationCode' \n\t,'10'\t\t\t\t\t\t\t\t\t\t\t\t\t\t\t\t\t\t\t\t\t\t\t\t\t\t\t\t\tAS 'EntityCode'\n\t,hspaccount.ACCT_CLASS_HA_C\t\t\t\t\t\t\t\t\t\t\t\t\t\t\t\t\t\t\t\t\t\t\t\tAS 'PatientTypeCode' \n\t,pat.PAT_FIRST_NAME\t\t\t\t\t\t\t\t\t\t\t\t\t\t\t\t\t\t\t\t\t\t\t\t\t\tAS 'FirstName'\n\t,pat.PAT_LAST_NAME\t\t\t\t\t\t\t\t\t\t\t\t\t\t\t\t\t\t\t\t\t\t\t\t\t\tAS 'LastName'\n\t,pat.PAT_MIDDLE_NAME\t\t\t\t\t\t\t\t\t\t\t\t\t\t\t\t\t\t\t\t\t\t\t\t\tAS 'MiddleName' \n\t,pat.RELIGION_C\t\t\t\t\t\t\t\t\t\t\t\t\t\t\t\t\t\t\t\t\t\t\t\t\t\t\tAS 'ReligionCode'\n\t,zcsex.ABBR\t\t\t\t\t\t\t\t\t\t\t\t\t\t\t\t\t\t\t\t\t\t\t\t\t\t\t\tAS 'GenderCode'\n\t,CONVERT(VARCHAR(8),pat.BIRTH_DATE,112)\t\t\t\t\t\t\t\t\t\t\t\t\t\t\t\t\t\t\t\t\tAS 'DateOfBirth'\n\t,patrace.PATIENT_RACE_C\t\t\t\t\t\t\t\t\t\t\t\t\t\t\t\t\t\t\t\t\t\t\t\t\tAS 'RaceCode'\n\t,pat.MARITAL_STATUS_C\t\t\t\t\t\t\t\t\t\t\t\t\t\t\t\t\t\t\t\t\t\t\t\t\tAS 'MaritalStatusCode'\n\t,LEFT(pat.ZIP,5)\t\t\t\t\t\t\t\t\t\t\t\t\t\t\t\t\t\t\t\t\t\t\t\t\t\tAS 'ZipCode'\n\t,CASE WHEN address2.ADDRESS is null THEN address1.ADDRESS\n\t\t\t\tELSE CONCAT(address1.ADDRESS,', ',address2.ADDRESS) END\t\t\t\t\t\t\t\t\t\t\t\t\t\tAS 'StreetAddress' --Combined Line 1 and 2 to show 2 lines of Address Information\n\t,pat.CITY\t\t\t\t\t\t\t\t\t\t\t\t\t\t\t\t\t\t\t\t\t\t\t\t\t\t\t\tAS 'City'\n\t,zcstate.NAME\t\t\t\t\t\t\t\t\t\t\t\t\t\t\t\t\t\t\t\t\t\t\t\t\t\t\tAS 'State'\n\t,zccounty.NAME\t\t\t\t\t\t\t\t\t\t\t\t\t\t\t\t\t\t\t\t\t\t\t\t\t\t\tAS 'County'\n\t,pat.EMPLOYER_ID\t\t\t\t\t\t\t\t\t\t\t\t\t\t\t\t\t\t\t\t\t\t\t\t\t\tAS 'EmployerCode'\n\t,hspaccount.GUARANTOR_ID\t\t\t\t\t\t\t\t\t\t\t\t\t\t\t\t\t\t\t\t\t\t\t\tAS 'GuarantorCode'\n\t,acct.EMPLOYER_ID\t\t\t\t\t\t\t\t\t\t\t\t\t\t\t\t\t\t\t\t\t\t\t\t\t\tAS 'GuarantorEmployerCode'\n\t,CASE WHEN hspaccount.ACCT_FIN_CLASS_C = '4' THEN 'SelfPay'\n\t\tWHEN hspaccount.ACCT_FIN_CLASS_C <> '4' THEN\n\t\tCAST(coverage1.BENEFIT_PLAN_ID AS VARCHAR(10)) ELSE '' END\t\t\t\t\t\t\t\t\t\t\t\t\t\t\tAS 'InsurancePlan1Code'\n\t,coverage2.BENEFIT_PLAN_ID\t\t\t\t\t\t\t\t\t\t\t\t\t\t\t\t\t\t\t\t\t\t\t\tAS 'InsurancePlan2Code'\n\t,coverage3.BENEFIT_PLAN_ID\t\t\t\t\t\t\t\t\t\t\t\t\t\t\t\t\t\t\t\t\t\t\t\tAS 'InsurancePlan3Code'\n\t,coverage4.BENEFIT_PLAN_ID\t\t\t\t\t\t\t\t\t\t\t\t\t\t\t\t\t\t\t\t\t\t\t\tAS 'InsurancePlan4Code'\n\t,coverage5.BENEFIT_PLAN_ID\t\t\t\t\t\t\t\t\t\t\t\t\t\t\t\t\t\t\t\t\t\t\t\tAS 'InsurancePlan5Code'\n\t,hspaccount.MOM_HSP_ACCT_ID\t\t\t\t\t\t\t\t\t\t\t\t\t\t\t\t\t\t\t\t\t\t\t\tAS 'PatientMotherERN'\n\t,CASE WHEN hspaccount.ACCT_CLASS_HA_C = '107' THEN 'Y' ELSE 'N' END\t\t\t\t\t\t\t\t\t\t\t\t\t\tAS 'NewbornFlag'\n\t,CASE WHEN hspaccount.ACCT_CLASS_HA_C = '107' THEN \n\t\tCAST(pat3.PED_BIRTH_WT_NUM*28.34952 AS INTEGER) ELSE '' END\t\t\t\t\t\t\t\t\t\t\t\t\t\t\tAS 'BirthWeight'\n\t,CONVERT(VARCHAR(8),enchsp.HOSP_ADMSN_TIME,112)\t\t\t\t\t\t\t\t\t\t\t\t\t\t\t\t\t\t\tAS 'AdmitDate'\n\t,CONVERT(VARCHAR(5),enchsp.HOSP_ADMSN_TIME,108)\t\t\t\t\t\t\t\t\t\t\t\t\t\t\t\t\t\t\tAS 'AdmitTime'\n\t,CONVERT(VARCHAR(8),ipadmit.IP_ADMIT_DATE,112)\t\t\t\t\t\t\t\t\t\t\t\t\t\t\t\t\t\t\tAS 'IPAdmitDate'\n\t,hspaccount.ADMISSION_TYPE_C\t\t\t\t\t\t\t\t\t\t\t\t\t\t\t\t\t\t\t\t\t\t\tAS 'AdmitTypeCode'\n\t,hspaccount.ADMISSION_SOURCE_C\t\t\t\t\t\t\t\t\t\t\t\t\t\t\t\t\t\t\t\t\t\t\tAS 'AdmitSourceCode'\n\t,admitdept.DEPARTMENT_ID\t\t\t\t\t\t\t\t\t\t\t\t\t\t\t\t\t\t\t\t\t\t\t\tAS 'AdmitDepartmentCode'\n\t,enchsp.MEANS_OF_ARRV_C\t\t\t\t\t\t\t\t\t\t\t\t\t\t\t\t\t\t\t\t\t\t\t\t\tAS 'MethodofArrivalCode'\n\t,admitedg.REF_BILL_CODE\t\t\t\t\t\t\t\t\t\t\t\t\t\t\t\t\t\t\t\t\t\t\t\t\tAS 'AdmitICD10DXCode'\n\t,finaledg.REF_BILL_CODE\t\t\t\t\t\t\t\t\t\t\t\t\t\t\t\t\t\t\t\t\t\t\t\t\tAS 'PrimaryICD10DXCode'\n\t,px.REF_BILL_CODE\t\t\t\t\t\t\t\t\t\t\t\t\t\t\t\t\t\t\t\t\t\t\t\t\t\tAS 'PrimaryICD10PXCode'\n\t,msdrg.DRG_MPI_CODE\t\t\t\t\t\t\t\t\t\t\t\t\t\t\t\t\t\t\t\t\t\t\t\t\t\tAS 'MSDRGCode'\n\t,aprdrg.DRG_MPI_CODE\t\t\t\t\t\t\t\t\t\t\t\t\t\t\t\t\t\t\t\t\t\t\t\t\tAS 'APRDRGCode'\n\t,aprdrg.DRG_ROM\t\t\t\t\t\t\t\t\t\t\t\t\t\t\t\t\t\t\t\t\t\t\t\t\t\t\tAS 'APRROM'\n\t,aprdrg.DRG_PS\t\t\t\t\t\t\t\t\t\t\t\t\t\t\t\t\t\t\t\t\t\t\t\t\t\t\tAS 'APRSOI'\n\t,hspaccount.PRIM_SVC_HA_C\t\t\t\t\t\t\t\t\t\t\t\t\t\t\t\t\t\t\t\t\t\t\t\tAS 'ClinicalServiceCode' \n\t,hspaccount.CASE_MIX_GRP_CODE\t\t\t\t\t\t\t\t\t\t\t\t\t\t\t\t\t\t\t\t\t\t\tAS 'CMGCode' \n\t,hspaccount.ADM_PROV_ID\t\t\t\t\t\t\t\t\t\t\t\t\t\t\t\t\t\t\t\t\t\t\t\t\tAS 'AdmitPhysicianCode'\n\t,hspaccount.ATTENDING_PROV_ID\t\t\t\t\t\t\t\t\t\t\t\t\t\t\t\t\t\t\t\t\t\t\tAS 'AttendPhysicianCode' \n\t,CONSULT.[1]\t\t\t\t\t\t\t\t\t\t\t\t\t\t\t\t\t\t\t\t\t\t\t\t\t\t\tAS 'ConsultPhysician1Code'\n\t,CONSULT.[2]\t\t\t\t\t\t\t\t\t\t\t\t\t\t\t\t\t\t\t\t\t\t\t\t\t\t\tAS 'ConsultPhysician2Code'\n\t,CONSULT.[3]\t\t\t\t\t\t\t\t\t\t\t\t\t\t\t\t\t\t\t\t\t\t\t\t\t\t\tAS 'ConsultPhysician3Code'\n\t,CONSULT.[4]\t\t\t\t\t\t\t\t\t\t\t\t\t\t\t\t\t\t\t\t\t\t\t\t\t\t\tAS 'ConsultPhysician4Code'\n\t,CONSULT.[5]\t\t\t\t\t\t\t\t\t\t\t\t\t\t\t\t\t\t\t\t\t\t\t\t\t\t\tAS 'ConsultPhysician5Code'\n\t,pxlist.PROC_PERF_PROV_ID\t\t\t\t\t\t\t\t\t\t\t\t\t\t\t\t\t\t\t\t\t\t\t\tAS 'PrimaryPerformingPhysicianCode'\n\t,hspaccount.REFERRING_PROV_ID\t\t\t\t\t\t\t\t\t\t\t\t\t\t\t\t\t\t\t\t\t\t\tAS 'ReferPhysicianCode'\n\t,enc.PCP_PROV_ID\t\t\t\t\t\t\t\t\t\t\t\t\t\t\t\t\t\t\t\t\t\t\t\t\t\tAS 'PrimaryCarePhysicianCode'\n\t,CONVERT(VARCHAR(8),enchsp.HOSP_DISCH_TIME,112)\t\t\t\t\t\t\t\t\t\t\t\t\t\t\t\t\t\t\tAS 'DischargeDate' \n\t,CONVERT(VARCHAR(5),enchsp.HOSP_DISCH_TIME,108)\t\t\t\t\t\t\t\t\t\t\t\t\t\t\t\t\t\t\tAS 'DischargeTime' \t\n\t,hspaccount.DISCH_DEPT_ID\t\t\t\t\t\t\t\t\t\t\t\t\t\t\t\t\t\t\t\t\t\t\t\tAS 'DischargeDepartmentCode'\n\t,hspaccount.PATIENT_STATUS_C\t\t\t\t\t\t\t\t\t\t\t\t\t\t\t\t\t\t\t\t\t\t\tAS 'DischargeStatusCode'\n\t,hspaccount.ACCT_BILLSTS_HA_C\t\t\t\t\t\t\t\t\t\t\t\t\t\t\t\t\t\t\t\t\t\t\tAS 'BillStatusCode'\n\t,CONVERT(VARCHAR(8),hspaccount.LAST_STMT_DATE,112)\t\t\t\t\t\t\t\t\t\t\t\t\t\t\t\t\t\tAS 'FinalBillDate'\n\t,hspaccount.TOT_ACCT_BAL\t\t\t\t\t\t\t\t\t\t\t\t\t\t\t\t\t\t\t\t\t\t\t\tAS 'AccountBalance'\n\t,historicalpayment.expectedpayment\t\t\t\t\t\t\t\t\t\t\t\t\t\t\t\t\t\t\t\t\t\tAS 'HistoricalExpectedPayment'\n\t,CONVERT(VARCHAR(8),bad_debt.AGNCY_HST_DT_OF_CH, 112)\t\t\t\t\t\t\t\t\t\t\t\t\t\t\t\t\tAS 'BadDebtDate'\n\t,finalhipps.HIPPS_CODE\t\t\t\t\t\t\t\t\t\t\t\t\t\t\t\t\t\t\t\t\t\t\t\t\tAS 'FinalHIPPS'\n\t,assesshipps.HIPPS_CODE\t\t\t\t\t\t\t\t\t\t\t\t\t\t\t\t\t\t\t\t\t\t\t\t\tAS 'AssessmentHIPPS'\n\t,RIGHT(hspaccount.BILL_DRG_MDC_VAL,2)\t\t\t\t\t\t\t\t\t\t\t\t\t\t\t\t\t\t\t\t\tAS 'BilledMDC'\n\t,hspaccount.CODING_STATUS_C\t\t\t\t\t\t\t\t\t\t\t\t\t\t\t\t\t\t\t\t\t\t\t\tAS 'CodingStatus' \n\t,hspaccount.PRIMARY_PLAN_ID\t\t\t\t\t\t\t\t\t\t\t\t\t\t\t\t\t\t\t\t\t\t\t\tAS 'CurrentInsurancePlan'\n\t,hspaccount3.FAC_TRANS_FROM_C\t\t\t\t\t\t\t\t\t\t\t\t\t\t\t\t\t\t\t\t\t\t\tAS 'FacilityTransferredFrom' \n\t,hspaccount3.FAC_TRANS_TO_C\t\t\t\t\t\t\t\t\t\t\t\t\t\t\t\t\t\t\t\t\t\t\t\tAS 'FacilityTransferredTo'\n\t,acctpatinfo.GUAR_REL_TO_PAT_C\t\t\t\t\t\t\t\t\t\t\t\t\t\t\t\t\t\t\t\t\t\t\tAS 'GuarantorRelationship'\n\t,CASE WHEN LEN(hspaccount.BILL_DRG_MDC_VAL) = '2' THEN hspaccount.BILL_DRG_MDC_VAL\n\t\t\tELSE SUBSTRING(hspaccount.BILL_DRG_MDC_VAL,2,2) END\t\t\t\t\t\t\t\t\t\t\t\t\t\t\t\tAS 'MSMDC'\n\t\t--Epic Stores this as a 3 Character Value, Stripping the leading zero\n\t,cov1.SUBSCR_NUM\t\t\t\t\t\t\t\t\t\t\t\t\t\t\t\t\t\t\t\t\t\t\t\t\t\tAS 'SubscriberNumber'\n\t,cov1.SUBSCR_EMPLOYER_ID\t\t\t\t\t\t\t\t\t\t\t\t\t\t\t\t\t\t\t\t\t\t\t\tAS 'SubscriberEmployer'\n\t,memlist.MEM_REL_TO_SUB_C\t\t\t\t\t\t\t\t\t\t\t\t\t\t\t\t\t\t\t\t\t\t\t\tAS 'SubscriberRelationship'\n\t,cov1.GROUP_NAME\t\t\t\t\t\t\t\t\t\t\t\t\t\t\t\t\t\t\t\t\t\t\t\t\t\tAS 'InsurancePlan1GroupName'\n\t,cov1.GROUP_NUM\t\t\t\t\t\t\t\t\t\t\t\t\t\t\t\t\t\t\t\t\t\t\t\t\t\t\tAS 'InsurancePlan1GroupNumber'\n\t,cov2.GROUP_NAME\t\t\t\t\t\t\t\t\t\t\t\t\t\t\t\t\t\t\t\t\t\t\t\t\t\tAS 'InsurancePlan2GroupName'\n\t,cov2.GROUP_NUM\t\t\t\t\t\t\t\t\t\t\t\t\t\t\t\t\t\t\t\t\t\t\t\t\t\t\tAS 'InsurancePlan2GroupNumber'\n\t,cov3.GROUP_NAME\t\t\t\t\t\t\t\t\t\t\t\t\t\t\t\t\t\t\t\t\t\t\t\t\t\tAS 'InsurancePlan3GroupName'\n\t,cov3.GROUP_NUM\t\t\t\t\t\t\t\t\t\t\t\t\t\t\t\t\t\t\t\t\t\t\t\t\t\t\tAS 'InsurancePlan3GroupNumber'\n\t,cov4.GROUP_NAME\t\t\t\t\t\t\t\t\t\t\t\t\t\t\t\t\t\t\t\t\t\t\t\t\t\tAS 'InsurancePlan4GroupName'\n\t,cov4.GROUP_NUM\t\t\t\t\t\t\t\t\t\t\t\t\t\t\t\t\t\t\t\t\t\t\t\t\t\t\tAS 'InsurancePlan4GroupNumber'\n\t,cov5.GROUP_NAME\t\t\t\t\t\t\t\t\t\t\t\t\t\t\t\t\t\t\t\t\t\t\t\t\t\tAS 'InsurancePlan5GroupName'\n\t,cov5.GROUP_NUM\t\t\t\t\t\t\t\t\t\t\t\t\t\t\t\t\t\t\t\t\t\t\t\t\t\t\tAS 'InsurancePlan5GroupNumber'\n\t,'EPIC Hospital Billing'\t\t\t\t\t\t\t\t\t\t\t\t\t\t\t\t\t\t\t\t\t\t\t\tAS 'SourceSystem'\n\t,CASE WHEN hspaccount.COMBINE_ACCT_ID is not null THEN 'Y' ELSE 'N' END\t\t\t\t\t\t\t\t\t\t\t\t\tAS 'CombinedAccountFlag'\n\t,hspaccount.COMBINE_ACCT_ID\t\t\t\t\t\t\t\t\t\t\t\t\t\t\t\t\t\t\t\t\t\t\t\tAS 'CombinedAccountID'\n\t,CASE WHEN hspaccount4.RELATED_HAR_TYPE_C is not null THEN 'Y' ELSE 'N' END\t\t\t\t\t\t\t\t\t\t\t\tAS 'RelatedAccountFlag'\n\t,zcrelated.NAME\t\t\t\t\t\t\t\t\t\t\t\t\t\t\t\t\t\t\t\t\t\t\t\t\t\t\tAS 'RelatedAccountType'\n\nFrom \n\tHSP_ACCOUNT \"hspaccount\"\n\tLeft Outer Join HSP_ACCT_LAST_UPDATE \"hspupdate\"\n\ton hspaccount.HSP_ACCOUNT_ID = hspupdate.HSP_ACCOUNT_ID\n\tLeft Outer Join PAT_ENC_HSP \"enchsp\"\n\ton hspaccount.PRIM_ENC_CSN_ID = enchsp.PAT_ENC_CSN_ID\n\tLeft Outer Join PAT_ENC \"enc\"\n\ton hspaccount.PRIM_ENC_CSN_ID = enc.PAT_ENC_CSN_ID\n\tLeft Outer Join ACCOUNT \"acct\"\n\ton hspaccount.GUARANTOR_ID = acct.ACCOUNT_ID\n\tLeft Outer Join ZC_ACCOUNT_TYPE \"zcaccttype\"\n\ton acct.ACCOUNT_TYPE_C = zcaccttype.ACCOUNT_TYPE_C\n\tLeft Outer Join CLARITY_LOC \"loc\"\n\ton hspaccount.LOC_ID = loc.LOC_ID\n\tLeft Outer Join CLARITY_DEP \"dep\"\n\ton hspaccount.DISCH_DEPT_ID = dep.DEPARTMENT_ID\n\tLeft Outer Join HSP_ACCOUNT_3 \"hspaccount3\"\n\ton hspaccount.HSP_ACCOUNT_ID = hspaccount3.HSP_ACCOUNT_ID\n\tLeft Outer Join HSP_ACCOUNT_4 \"hspaccount4\"\n\ton hspaccount.HSP_ACCOUNT_ID = hspaccount4.HSP_ACCOUNT_ID\n\tLEFT OUTER JOIN ZC_RELATED_HAR_TYPE \"zcrelated\"\n\tON hspaccount4.RELATED_HAR_TYPE_C = zcrelated.RELATED_HAR_TYPE_C\n\tLeft Outer Join PATIENT \"pat\"\n\ton hspaccount.PAT_ID = pat.PAT_ID\n\tLeft Outer Join PATIENT_3 \"pat3\"\n\ton pat.PAT_ID = pat3.PAT_ID\n\tLeft Outer Join IDENTITY_ID \"mrn\"\n\ton pat.PAT_ID = mrn.PAT_ID\n\tand mrn.IDENTITY_TYPE_ID = '40' --MGMC MRN\n\tLeft Outer Join ZC_SEX \"zcsex\"\n\ton pat.SEX_C = zcsex.RCPT_MEM_SEX_C\n\tLeft Outer Join PATIENT_RACE \"patrace\"\n\ton pat.PAT_ID = patrace.PAT_ID\n\tand patrace.LINE = 1 --First Listed Race\n\tLeft Outer Join PAT_ADDRESS \"address1\"\n\ton pat.PAT_ID = address1.PAT_ID\n\tand address1.LINE = 1 --First Listed Address\n\tLeft Outer Join PAT_ADDRESS \"address2\"\n\ton pat.PAT_ID = address2.PAT_ID\n\tand address2.LINE = 2 --Second Listed Address\n\tLeft Outer Join ZC_STATE \"zcstate\"\n\ton pat.STATE_C = zcstate.STATE_C\n\tLeft Outer Join ZC_COUNTY \"zccounty\"\n\ton pat.COUNTY_C = zccounty.COUNTY_C\n\t\t\tLeft Outer Join HSP_ACCT_CVG_LIST \"cvglist1\"\n\t\t\ton hspaccount.HSP_ACCOUNT_ID = cvglist1.HSP_ACCOUNT_ID\n\t\t\tand cvglist1.LINE = 1 --First Listed Benefit Plan\n\t\t\tLeft Outer Join V_COVERAGE_PAYOR_PLAN \"coverage1\"\n\t\t\ton cvglist1.COVERAGE_ID = coverage1.COVERAGE_ID\n\t\t\tLeft Outer Join COVERAGE \"cov1\"\n\t\t\ton cvglist1.COVERAGE_ID = cov1.COVERAGE_ID\n\t\t\tLeft Outer Join COVERAGE_MEM_LIST \"memlist\"\n\t\t\ton cov1.COVERAGE_ID = memlist.COVERAGE_ID\n\t\t\tand hspaccount.PAT_ID = memlist.PAT_ID\n\t\t\tLeft Outer Join HSP_ACCT_CVG_LIST \"cvglist2\"\n\t\t\ton hspaccount.HSP_ACCOUNT_ID = cvglist2.HSP_ACCOUNT_ID\n\t\t\tand cvglist2.LINE = 2 --Second Listed Benefit Plan\n\t\t\tLeft Outer Join V_COVERAGE_PAYOR_PLAN \"coverage2\"\n\t\t\ton cvglist2.COVERAGE_ID = coverage2.COVERAGE_ID\n\t\t\tLeft Outer Join COVERAGE \"cov2\"\n\t\t\ton cvglist2.COVERAGE_ID = cov2.COVERAGE_ID\n\t\t\tLeft Outer Join HSP_ACCT_CVG_LIST \"cvglist3\"\n\t\t\ton hspaccount.HSP_ACCOUNT_ID = cvglist3.HSP_ACCOUNT_ID\n\t\t\tand cvglist3.LINE = 3 --Third Listed Benefit Plan\n\t\t\tLeft Outer Join V_COVERAGE_PAYOR_PLAN \"coverage3\"\n\t\t\ton cvglist3.COVERAGE_ID = coverage3.COVERAGE_ID\n\t\t\tLeft Outer Join COVERAGE \"cov3\"\n\t\t\ton cvglist3.COVERAGE_ID = cov3.COVERAGE_ID\n\t\t\tLeft Outer Join HSP_ACCT_CVG_LIST \"cvglist4\"\n\t\t\ton hspaccount.HSP_ACCOUNT_ID = cvglist4.HSP_ACCOUNT_ID\n\t\t\tand cvglist4.LINE = 4 --Fourth Listed Benefit Plan\n\t\t\tLeft Outer Join V_COVERAGE_PAYOR_PLAN \"coverage4\"\n\t\t\ton cvglist4.COVERAGE_ID = coverage4.COVERAGE_ID\n\t\t\tLeft Outer Join COVERAGE \"cov4\"\n\t\t\ton cvglist4.COVERAGE_ID = cov4.COVERAGE_ID\n\t\t\tLeft Outer Join HSP_ACCT_CVG_LIST \"cvglist5\"\n\t\t\ton hspaccount.HSP_ACCOUNT_ID = cvglist5.HSP_ACCOUNT_ID\n\t\t\tand cvglist5.LINE = 5 --Fifth Listed Benefit Plan\n\t\t\tLeft Outer Join V_COVERAGE_PAYOR_PLAN \"coverage5\"\n\t\t\ton cvglist5.COVERAGE_ID = coverage5.COVERAGE_ID\n\t\t\tLeft Outer Join COVERAGE \"cov5\"\n\t\t\ton cvglist5.COVERAGE_ID = cov5.COVERAGE_ID\n\tLeft Outer Join HSP_ACCT_ADMIT_DX \"admitdx\"\n\ton hspaccount.HSP_ACCOUNT_ID = admitdx.HSP_ACCOUNT_ID\n\tand admitdx.LINE = 1 --First Admission DX Listed\n\tLeft Outer Join CLARITY_EDG \"admitedg\"\n\ton admitdx.ADMIT_DX_ID = admitedg.DX_ID\n\tLeft Outer Join HSP_ACCT_DX_LIST \"finaldx\"\n\ton hspaccount.HSP_ACCOUNT_ID = finaldx.HSP_ACCOUNT_ID\n\tand finaldx.LINE = 1 --First DX Listed is Primary Final\n\tLeft Outer Join CLARITY_EDG \"finaledg\"\n\ton finaldx.DX_ID = finaledg.DX_ID\n\tLeft Outer Join HSP_ACCT_PX_LIST \"pxlist\"\n\ton hspaccount.HSP_ACCOUNT_ID = pxlist.HSP_ACCOUNT_ID\n\tand pxlist.LINE = 1 --First PX Listed is Primary Final\n\tLeft Outer Join CL_ICD_PX \"px\"\n\ton pxlist.FINAL_ICD_PX_ID = px.ICD_PX_ID\n\tLeft Outer Join ACCT_GUAR_PAT_INFO \"acctpatinfo\"\n\ton hspaccount.GUARANTOR_ID = acctpatinfo.ACCOUNT_ID\n\tand hspaccount.PAT_ID = acctpatinfo.PAT_ID\n\tLeft Outer Join CLARITY_ADT \"admitdept\"\n\ton hspaccount.PRIM_ENC_CSN_ID = admitdept.PAT_ENC_CSN_ID\n\tand admitdept.EVENT_TYPE_C = '1' --Admission Type for Admission Department\n\tand admitdept.EVENT_SUBTYPE_C <> '2' --Removing Canceled Sub-Type\n\tLeft Outer Join PPS_INFO \"assesshipps\"\n\ton hspaccount.HSP_ACCOUNT_ID = assesshipps.ACCT_ID\n\tand assesshipps.PPS_TYPE_C = 1 --Type for Assessment HIPPS Code\n\tLeft Outer Join PPS_INFO \"finalhipps\"\n\ton hspaccount.HSP_ACCOUNT_ID = finalhipps.ACCT_ID\n\tand finalhipps.PPS_TYPE_C = 2 --Type for Final HIPPS Code\n-----------------ConsultingPhysician---------------\nLeft Outer Join (Select treatmentteam.PAT_ENC_CSN_ID \n\t\t\t\t\t\t,treatmentteam.TR_TEAM_ID AS consultid\n\t\t\t\t\t\t,RW_NM = ROW_NUMBER() OVER(PARTITION BY treatmentteam.PAT_ENC_CSN_ID ORDER BY treatmentteam.LINE)\n\t\t\t\tFrom TREATMENT_TEAM \"treatmentteam\"\n\t\t\t\tWhere treatmentteam.TR_TEAM_REL_C = '3') P\n\t\tPIVOT(MAX(consultid) FOR RW_NM IN ([1],[2],[3],[4],[5])) consult ON consult.PAT_ENC_CSN_ID = hspaccount.PRIM_ENC_CSN_ID\n-----------------IPAdmitDate---------------\nLeft Outer Join (Select adt.PAT_ENC_CSN_ID csn\n\t\t\t\t\t\t\t,MIN(adt.EFFECTIVE_TIME) IP_ADMIT_DATE\n\t\t\t\t\t\t\tFrom CLARITY_ADT \"adt\"\n\t\t\t\t\t\t\tWhere adt.PAT_CLASS_C = '101'\n\t\t\t\t\t\t\tGroup By adt.PAT_ENC_CSN_ID) ipadmit ON ipadmit.csn = hspaccount.PRIM_ENC_CSN_ID\n-----------------DRG Information ---------------\nLeft Outer Join (Select\tmsdrg.HSP_ACCOUNT_ID\n\t\t\t\t\t\t,msdrg.DRG_MPI_CODE\n\t\t\t\t\t\t\tFrom HSP_ACCT_MULT_DRGS \"msdrg\"\n\t\t\t\t\t\t\tLeft Outer Join DRG_CODE_SET_TYPES \"msdrgtype\"\n\t\t\t\t\t\t\ton msdrg.DRG_ID_TYPE_ID = msdrgtype.DRG_TYPE_ID\n\t\t\t\t\t\t\tWhere msdrgtype.DRG_CODE_SET_C = 1) msdrg ON msdrg.HSP_ACCOUNT_ID = hspaccount.HSP_ACCOUNT_ID\nLeft Outer Join (Select\taprdrg.HSP_ACCOUNT_ID\n\t\t\t\t\t\t,aprdrg.DRG_MPI_CODE\n\t\t\t\t\t\t,aprdrg.DRG_ROM\n\t\t\t\t\t\t,aprdrg.DRG_PS\n\t\t\t\t\t\t\tFrom HSP_ACCT_MULT_DRGS \"aprdrg\"\n\t\t\t\t\t\t\tLeft Outer Join DRG_CODE_SET_TYPES \"aprdrgtype\"\n\t\t\t\t\t\t\ton aprdrg.DRG_ID_TYPE_ID = aprdrgtype.DRG_TYPE_ID\n\t\t\t\t\t\t\tWhere aprdrg.DRG_QLFR_C is null \n\t\t\t\t\t\t\t\t\tand aprdrgtype.DRG_CODE_SET_C = 3) aprdrg ON aprdrg.HSP_ACCOUNT_ID = hspaccount.HSP_ACCOUNT_ID\n\t\n-----------------Historical Expected Payment ---------------\nLeft Outer Join (Select\texpectedpay.account\t\t\t\"hspaccount\"\n\t\t\t\t\t\t,SUM(expectedpay.amount)\t\"expectedpayment\"\n\t\t\t\t\tFrom \n\t\t\t\t\t\t(Select Distinct\n\t\t\t\t\t\t\texpectedsub.HSP_ACCOUNT_ID \"account\"\n\t\t\t\t\t\t\t,expectedsub.BUCKET_ID\t\t\"bucket\"\n\t\t\t\t\t\t\t,expectedsub.XR_HX_XPCTD_AMT\t\"amount\"\n\t\t\t\t\t\t\tFrom HSP_BKT_XPTRBMT_HX \"expectedsub\") \"expectedpay\"\n\t\t\t\t\t\tGroup By expectedpay.account) \"historicalpayment\" on historicalpayment.hspaccount = hspaccount.HSP_ACCOUNT_ID\n\n-----------------Bad Debt Date ---------------\nLeft Outer Join (Select\tbaddebt.HSP_ACCOUNT_ID\n\t\t\t\t\t\t,baddebt.AGNCY_HST_DT_OF_CH\n\t\t\t\t\t\tFrom HSP_ACCT_CL_AG_HIS \"baddebt\"\n\t\t\t\t\t\tLeft Outer Join HSP_ACCT_CL_AG_HIS \"baddebt2\"\n\t\t\t\t\t\ton baddebt.HSP_ACCOUNT_ID = baddebt2.HSP_ACCOUNT_ID\n\t\t\t\t\t\tand baddebt.LINE < baddebt2.LINE --Get the Max Line\n\t\t\t\t\t\tWhere baddebt.AGNC_HST_CHG_TP_C = 1 \n\t\t\t\t\t\t\t\t\t--Bad Debt Must Have a Change Type of Assign\n\t\t\t\t\t\t\t\tand baddebt2.HSP_ACCOUNT_ID is null) bad_debt on bad_debt.HSP_ACCOUNT_ID = hspaccount.HSP_ACCOUNT_ID\n\t\t\t\t\t\t\t\t\t--Bad Debt Row\n\nWhere\n\t(hspupdate.INST_OF_UPDATE_DTTM BETWEEN FORMAT(GETDATE() - 1, 'MM/dd/yyyy 00:00:00') AND FORMAT(GETDATE(), 'MM/dd/yyyy 00:00:00')\n\t\tAND hspaccount.DISCH_DATE_TIME >= '10/1/2015 00:00:00') --Removing account instances of discharges before 10/1/2015 to look at only ICD-10 information, per Nicole on data call 4.12.2021\n\tand hspaccount.SERV_AREA_ID = '8' --MGMC Service Area\n\tand pat3.IS_TEST_PAT_YN = 'N' --Removing Test Patients","isFileList":false,"handleSpecialChars":false,"frsAsset":false,"dynamicFileName":false,"excludeDynamicFileNameField":false,"currentlyProcessedFileName":false,"retainFieldMetadata":false,"useExactSrcNames":false,"fetchMode":"ORIGINAL","tgtObjectAttributes":{},"runtimeParameterData":{"@type":"mtTaskRuntimeParameterData","isConnectionRuntimeParameter":false,"isObjectRuntimeParameter":false,"connectionParameterName":"p_src_conn","objectParameterName":"p_src_object"},"overridableProperties":[],"overriddenFields":[]},{"@type":"mtTaskParameter","id":303212383,"name":"$tgt$","type":"TARGET","label":"Target (p_tgt_conn)","description":"Select the target connection or create a new connection.\\n\\nThe target connection can be the same or different from the source connection.","uiProperties":{"connectionParameterized":"true","logcnx":"p_tgt_conn","objlabel":"Target","origobjlabel":"Target","objectParameterized":"true","objDesc":"Select the object that you want to load data to. Click Create Target to create the target object the first time the Mapping task runs.\\n\\nIf the target is a relational target, the Mapping task inserts data into the target table the first time it runs. For subsequent runs, you have the following options:\\n\\n1. Keep previously loaded data in the target (default).  Disable the Truncate Table option, and select one of the following operations:\\na. To append data to the target, select Insert.  \\nb. To update existing records and insert new records, select Upsert and configure the update columns.\\nc. To update existing records and discard new records, select Update and configure the update columns.\\n\\n2. Fully reload the target. Select the Insert operation and enable the Truncate Table option.\\n\\n3. Delete existing records from the target. To delete existing records from the target that have the same primary key as the source, select the Delete operation, disable the Truncate Table option, and configure the update columns.\\n\\nIf the target is a file target, the Mapping task re-creates the file each time it runs.","defaultTargetUpdateColumns":"","supportApplyDDLChanges":"true","originalPath":"tgt"},"targetConnectionId":"@csaG1osDGkKg7bs2KP6Tsk","targetObject":"Concat('MGMC_EncounterData_', Concat( To_Char(SYSDATE, 'MMddyyyy'), '.txt'))","targetObjectLabel":"Concat('MGMC_EncounterData_', Concat( To_Char(SYSDATE, 'MMddyyyy'), '.txt'))","newFlatFile":false,"newObject":true,"showBusinessNames":true,"naturalOrder":true,"newObjectName":"Concat('MGMC_EncounterData_', Concat( To_Char(SYSDATE, 'MMddyyyy'), '.txt'))","truncateTarget":false,"bulkApiDBTarget":false,"operationType":"Insert","tgtFFAttrs":{"@type":"flatFileAttrs","id":39775918,"delimiter":"|","textQualifier":"none","escapeChar":"","headerLineNo":1},"customFuncCfg":{"@type":"customFuncConfig","id":-1,"connections":[],"inputMap":[],"outputFields":[]},"targetRefsV2":{},"targetUpdateColumns":[],"extendedObject":{"@type":"extendedObject","singleMode":true,"filters":[],"sortFields":[]},"runtimeAttrs":{},"isRESTModernSource":true,"isFileList":false,"handleSpecialChars":false,"frsAsset":false,"dynamicFileName":true,"excludeDynamicFileNameField":false,"currentlyProcessedFileName":false,"retainFieldMetadata":false,"objectName":"Concat('MGMC_EncounterData_', Concat( To_Char(SYSDATE, 'MMddyyyy'), '.txt'))","objectLabel":"Concat('MGMC_EncounterData_', Concat( To_Char(SYSDATE, 'MMddyyyy'), '.txt'))","useExactSrcNames":false,"fetchMode":"ORIGINAL","tgtObjectAttributes":{},"runtimeParameterData":{"@type":"mtTaskRuntimeParameterData","isConnectionRuntimeParameter":false,"isObjectRuntimeParameter":false,"connectionParameterName":"p_tgt_conn","objectParameterName":"p_tgt_object"},"overridableProperties":[],"overriddenFields":[]},{"@type":"mtTaskParameter","id":303212386,"name":"$p_exp_fields$","type":"STRING","label":"Optional Expression Fields (p_exp_fields)","description":"Optionally, create expressions that add fields to the target. For example, you might want to add a system timestamp field to each replicated record in the target. \\n\\nUse the built-in functions to create one or more expressions.\\n\\nIf you do not want to add additional fields, do not enter expressions here.","uiProperties":{"paramtype":"ExpressionEditor","caption":"Expressions","required":"false","templateData":"$p_exp_fields$","default":"$p_exp_fields$","originalPath":"exp_add"},"newFlatFile":false,"newObject":false,"showBusinessNames":true,"naturalOrder":true,"truncateTarget":false,"bulkApiDBTarget":false,"customFuncCfg":{"@type":"customFuncConfig","id":-1,"connections":[],"inputMap":[],"outputFields":[]},"targetRefsV2":{},"targetUpdateColumns":[],"runtimeAttrs":{},"isRESTModernSource":true,"isFileList":false,"handleSpecialChars":false,"frsAsset":false,"dynamicFileName":false,"excludeDynamicFileNameField":false,"currentlyProcessedFileName":false,"retainFieldMetadata":false,"useExactSrcNames":false,"fetchMode":"ORIGINAL","tgtObjectAttributes":{},"runtimeParameterData":{"@type":"mtTaskRuntimeParameterData","isConnectionRuntimeParameter":false,"isObjectRuntimeParameter":false},"overridableProperties":[],"overriddenFields":[]}],"sequences":[],"inOutParameters":[],"connRuntimeAttrs":[]}]