[{"@type":"mappingTemplate","id":"@1","name":"Mapping18","description":"","autoExpireObject":false,"bundleVersion":"0","assetFrsGuid":"9RFtc1GqIoUkkL14qE7QEH","templateId":"@3","deployTime":1605822615000,"hasParameters":false,"valid":true,"fixedConnection":true,"hasParametersDeployed":false,"fixedConnectionDeployed":true,"isSchemaValidationEnabled":false,"tasks":2,"mappingPreviewFileRecordId":"@2","documentType":"MAPPING","references":[{"@type":"reference","refObjectId":"@kXSc8AmnAmNc0fmIfl5YQj","refType":"connection"},{"@type":"reference","refObjectId":"@3deLqjHJjBPit7uLf2I4UF","refType":"connection"}]}]