[{"@type":"mappingTemplate","id":"@1","name":"m_dynamodb","description":"","bundleVersion":"0","templateId":"@3","deployTime":1620746183000,"hasParameters":false,"valid":true,"fixedConnection":true,"hasParametersDeployed":false,"fixedConnectionDeployed":true,"tasks":0,"mappingPreviewFileRecordId":"@2","documentType":"MAPPING","references":[{"@type":"reference","refObjectId":"@1eS7DLDaa97fyBxL3tmGAj","refType":"connection"},{"@type":"reference","refObjectId":"@2F9OQPkWjcKfzFEru0M3US","refType":"connection"}]}]