[{"@type":"mappingTemplate","id":"@1","name":"M_Snowflake_Aggregator_PDO_WithAgg","description":"","autoExpireObject":false,"bundleVersion":"0","assetFrsGuid":"kTfdn5ZvagHb25Eq60HxGO","templateId":"@3","deployTime":1583435765000,"hasParameters":false,"valid":true,"fixedConnection":true,"hasParametersDeployed":false,"fixedConnectionDeployed":true,"isSchemaValidationEnabled":false,"tasks":1,"mappingPreviewFileRecordId":"@2","documentType":"","references":[{"@type":"reference","refObjectId":"@iJbutWYapuJe1y1ZDwAocn","refType":"connection"}]}]