[{"@type":"mappingTemplate","id":"@1","name":"SnowflakeV1_ConnectionOverwriting","description":"","autoExpireObject":false,"bundleVersion":"0","assetFrsGuid":"1vX4G8BxIPubCA6ZaTDdQ5","templateId":"@3","hasParameters":true,"valid":false,"fixedConnection":true,"hasParametersDeployed":false,"fixedConnectionDeployed":false,"isSchemaValidationEnabled":false,"tasks":0,"mappingPreviewFileRecordId":"@2","documentType":"","references":[{"@type":"reference","refObjectId":"@1eS7DLDaa97fyBxL3tmGAj","refType":"connection"}]}]