[{"@type":"mappingTemplate","id":"@1","name":"m_pub_ctam_ipr_title_alternate_id","description":"","bundleVersion":"0","templateId":"@3","deployTime":1711570793000,"hasParameters":true,"valid":true,"fixedConnection":true,"hasParametersDeployed":true,"fixedConnectionDeployed":true,"isSchemaValidationEnabled":false,"tasks":1,"mappingPreviewFileRecordId":"@2","documentType":"","references":[{"@type":"reference","refObjectId":"@gMspqIS0bYalfRXzJy6zqw","refType":"mappletTemplate"},{"@type":"reference","refObjectId":"@gJP8B05ODM9gFd2wD7Xsw0","refType":"mappletTemplate"}]}]