[{"@type":"mappingTemplate","id":"@1","name":"ClarityEnounterDataToFlatFileMapping","description":"Extracts all or a subset of data from a source and loads it to a dynamically created target.\n\nIf you create a relational target, the Mapping task inserts data into the target table the first time it runs. Subsequent runs can load data using update or upsert operations. If you create a flat file target, the Mapping task re-creates the target file each time it runs.","bundleVersion":"0","templateId":"@3","deployTime":1624394753000,"hasParameters":true,"valid":true,"fixedConnection":false,"hasParametersDeployed":true,"fixedConnectionDeployed":false,"tasks":1,"mappingPreviewFileRecordId":"@2","documentType":"","references":[]}]