[{"@type":"fileRecord","id":"@6","name":"response","type":"XSD","size":5762,"attachTime":1572889250000},{"@type":"fileRecord","id":"@5","name":"request","type":"XSD","size":5952,"attachTime":1572889250000},{"@type":"fileRecord","id":"@4","name":"metadata","type":"JSON","size":3305,"attachTime":1572889250000},{"@type":"fileRecord","id":"@3","name":"fault","type":"XSD","size":4913,"attachTime":1572889250000},{"@type":"fileRecord","id":"@2","name":"extension","type":"XML","size":18271,"attachTime":1572889250000}]