[{"@type":"mappingTemplate","id":"@1","name":"Rejected_File_Snowflake","description":"","autoExpireObject":false,"bundleVersion":"0","assetFrsGuid":"6cjJl5AdQo3dA7odqHs6Ac","templateId":"@3","deployTime":1617995866000,"hasParameters":false,"valid":true,"fixedConnection":true,"hasParametersDeployed":false,"fixedConnectionDeployed":true,"isSchemaValidationEnabled":false,"tasks":1,"mappingPreviewFileRecordId":"@2","documentType":"MAPPING","references":[{"@type":"reference","refObjectId":"@3deLqjHJjBPit7uLf2I4UF","refType":"connection"},{"@type":"reference","refObjectId":"@csaG1osDGkKg7bs2KP6Tsk","refType":"connection"}]}]