[{"@type":"mappingTemplate","id":"@1","name":"m_redshift_upsert","description":"","bundleVersion":"0","templateId":"@3","deployTime":1588788866000,"hasParameters":false,"valid":true,"fixedConnection":true,"hasParametersDeployed":false,"fixedConnectionDeployed":true,"tasks":0,"mappingPreviewFileRecordId":"@2","documentType":"","references":[{"@type":"reference","refObjectId":"@1eS7DLDaa97fyBxL3tmGAj","refType":"connection"},{"@type":"reference","refObjectId":"@5kEML2JM3N5l8OF7U8DiIi","refType":"connection"}]}]