[{"@type":"mappingTemplate","id":"@1","name":"Biogen_Oracle_Snowflake_Rebates_GCOverheadIssue","description":"","autoExpireObject":false,"bundleVersion":"0","assetFrsGuid":"68bODyXsusajaLWexBc0uB","templateId":"@3","deployTime":1634831540000,"hasParameters":true,"valid":true,"fixedConnection":true,"hasParametersDeployed":true,"fixedConnectionDeployed":true,"isSchemaValidationEnabled":false,"tasks":1,"mappingPreviewFileRecordId":"@2","documentType":"MAPPING","references":[{"@type":"reference","refObjectId":"@1rxOzEbStztbzd80WhEn82","refType":"connection"},{"@type":"reference","refObjectId":"@3deLqjHJjBPit7uLf2I4UF","refType":"connection"}]}]