[{"@type":"mtTask","id":"@1","name":"EpicSurgicalStaffingMappingTask","description":"Other description","runtimeEnvironmentId":"@3TRdymd0I7nj1azisVoLqs","maxLogs":10,"verbose":false,"mappingId":"@8iRHMFdiSoXiqxiVlMrSeC","shortDescription":"Other description","sessionPropertiesList":[],"enableCrossSchemaPushdown":true,"enableParallelRun":false,"autoTunedApplied":false,"autoTunedAppliedType":"NONE","paramFileType":"PARAM_FILE_LOCAL","schemaMode":"async","parameterFileEncoding":"UTF-8","serverlessProperties":{},"taskProperties":[{"@type":"taskProperty","name":"parameterFileDir","currentValue":"","type":"STRING","label":"label.parameterFileDir","required":false},{"@type":"taskProperty","name":"parameterFileName","currentValue":"","type":"STRING","label":"label.parameterFileName","required":false}],"parameters":[{"@type":"mtTaskParameter","id":303212371,"name":"$srcEpicClarity$","type":"EXTENDED_SOURCE","label":"Source (p_src_conn)","description":"Select any available source connection or create a new connection connection.","uiProperties":{"connectionParameterized":"true","logcnx":"p_src_conn","isMsrcFilterParameterized":"false","isMsrcSortParameterized":"false","objlabel":"Source","objectParameterized":"true","objDesc":"Select the source object read data from.","originalPath":"srcEpicClarity"},"sourceConnectionId":"@jG7UNWMRgskdbCakgjNnwc","newFlatFile":false,"newObject":false,"showBusinessNames":true,"naturalOrder":true,"truncateTarget":false,"bulkApiDBTarget":false,"customFuncCfg":{"@type":"customFuncConfig","id":-1,"connections":[],"inputMap":[],"outputFields":[]},"tgtFieldRefs":{},"targetRefsV2":{},"targetUpdateColumns":[],"extendedObject":{"@type":"extendedObject","filters":[],"sortFields":[]},"runtimeAttrs":{},"isRESTModernSource":true,"customQuery":"-- MGMC_SurgicalStaffingData\nSELECT DISTINCT \n\t   hspaccount.HSP_ACCOUNT_ID   AS 'EncounterRecordNumber'\n\t  ,orlog.LOG_ID                AS 'SurgicalCase'\n\t  ,allstaff.STAFF_ID           AS 'StaffCode'\n\t  ,allstaff.STAFF_TYPE_MAP_C   AS 'StaffTypeCode'\n\t  ,allstaff.ROLE_C             AS 'PhysicianCategoryCode'\n\t  ,allstaff.STAFF_TYPE_C       AS 'StaffCategoryCode'\n\t  ,allstaff.ANES_STAFF_TYPE_C  AS 'AnesthesiaCategoryCode'\n\t  ,allstaff.TIME_DURATION_MINS AS 'Time'\n\t  ,'EPIC Hospital Billing'     AS 'SourceSystem'\n  FROM OR_LOG \"orlog\"\n\t   LEFT JOIN OR_CASE \"orcase\"\n              ON orlog.CASE_ID = orcase.OR_CASE_ID\n\t   LEFT JOIN PAT_OR_ADM_LINK \"link\"\n              ON orlog.LOG_ID = link.LOG_ID\n\t   LEFT JOIN PAT_ENC_HSP \"enchsp\"\n              ON link.OR_LINK_CSN = enchsp.PAT_ENC_CSN_ID\n\t   LEFT JOIN HSP_ACCOUNT \"hspaccount\"\n              ON enchsp.HSP_ACCOUNT_ID = hspaccount.HSP_ACCOUNT_ID\n\t   LEFT JOIN HSP_ACCT_LAST_UPDATE \"hspupdate\"\n              ON hspaccount.HSP_ACCOUNT_ID = hspupdate.HSP_ACCOUNT_ID\n\t   LEFT JOIN PATIENT_3 \"pat3\"\n              ON hspaccount.PAT_ID = pat3.PAT_ID\n\t   LEFT JOIN OR_LOG_ALL_STAFF \"allstaff\"\n              ON orlog.LOG_ID = allstaff.LOG_ID\n\t   LEFT JOIN CLARITY_SER \"serstaff\"\n              ON allstaff.STAFF_ID = serstaff.PROV_ID\n\t   LEFT JOIN ZC_OR_STAFF_TYPE \"zcstaff\"\n              ON allstaff.STAFF_TYPE_C = zcstaff.SURG_STAFF_REQ_C\n WHERE \n       (\n           orlog.SURGERY_DATE            BETWEEN FORMAT(GETDATE()-1, 'MM/dd/yyyy 00:00:00.000') AND FORMAT(GETDATE()  , 'MM/dd/yyyy 00:00:00.000')\n        OR hspupdate.INST_OF_UPDATE_DTTM BETWEEN FORMAT(GETDATE()-1, 'MM/dd/yyyy 00:00:00.000') AND FORMAT(GETDATE()  , 'MM/dd/yyyy 00:00:00.000')\n\t   )\n\tAND hspaccount.SERV_AREA_ID = '8'       --MGMC Service Area\n\tAND pat3.IS_TEST_PAT_YN = 'N'           --Removing Test Patients\n\tAND orlog.STATUS_C in ('1','2','3','5') -- Removing all voided and cancelled logs\n\tAND orlog.PROC_NOT_PERF_C is null       --Removed all cases that got cancelled in ACS\n\tAND orlog.OR_TIME_EVTS_ENT_C <> 0       --Removing all cases that have a timing events entered of Not Started\n","isFileList":false,"handleSpecialChars":false,"frsAsset":false,"dynamicFileName":false,"excludeDynamicFileNameField":false,"currentlyProcessedFileName":false,"retainFieldMetadata":false,"useExactSrcNames":false,"fetchMode":"ORIGINAL","tgtObjectAttributes":{},"runtimeParameterData":{"@type":"mtTaskRuntimeParameterData","isConnectionRuntimeParameter":false,"isObjectRuntimeParameter":false,"connectionParameterName":"p_src_conn","objectParameterName":"p_src_object"},"overriddenFields":[]},{"@type":"mtTaskParameter","id":303212374,"name":"$tgtFlatFile$","type":"TARGET","label":"Target (p_tgt_conn)","description":"Select the target connection or create a new connection.\\n\\nThe target connection can be the same or different from the source connection.","uiProperties":{"connectionParameterized":"true","logcnx":"p_tgt_conn","objlabel":"Target","objectParameterized":"true","objDesc":"Select the object that you want to load data to. Click Create Target to create the target object the first time the Mapping task runs.\\n\\nIf the target is a relational target, the Mapping task inserts data into the target table the first time it runs. For subsequent runs, you have the following options:\\n\\n1. Keep previously loaded data in the target (default).  Disable the Truncate Table option, and select one of the following operations:\\na. To append data to the target, select Insert.  \\nb. To update existing records and insert new records, select Upsert and configure the update columns.\\nc. To update existing records and discard new records, select Update and configure the update columns.\\n\\n2. Fully reload the target. Select the Insert operation and enable the Truncate Table option.\\n\\n3. Delete existing records from the target. To delete existing records from the target that have the same primary key as the source, select the Delete operation, disable the Truncate Table option, and configure the update columns.\\n\\nIf the target is a file target, the Mapping task re-creates the file each time it runs.","defaultTargetUpdateColumns":"","supportApplyDDLChanges":"true","originalPath":"tgtFlatFile"},"targetConnectionId":"@csaG1osDGkKg7bs2KP6Tsk","targetObject":"'MGMC_SurgicalStaffing_.txt'","targetObjectLabel":"'MGMC_SurgicalStaffing_.txt'","newFlatFile":false,"newObject":true,"showBusinessNames":true,"naturalOrder":true,"newObjectName":"'MGMC_SurgicalStaffing_.txt'","truncateTarget":false,"bulkApiDBTarget":false,"operationType":"Insert","customFuncCfg":{"@type":"customFuncConfig","id":-1,"connections":[],"inputMap":[],"outputFields":[]},"tgtFieldRefs":{},"targetRefsV2":{},"targetUpdateColumns":[],"extendedObject":{"@type":"extendedObject","filters":[],"sortFields":[]},"runtimeAttrs":{},"isRESTModernSource":true,"isFileList":false,"handleSpecialChars":false,"frsAsset":false,"dynamicFileName":true,"excludeDynamicFileNameField":false,"currentlyProcessedFileName":false,"retainFieldMetadata":false,"objectName":"'MGMC_SurgicalStaffing_.txt'","objectLabel":"'MGMC_SurgicalStaffing_.txt'","useExactSrcNames":false,"fetchMode":"ORIGINAL","tgtObjectAttributes":{},"runtimeParameterData":{"@type":"mtTaskRuntimeParameterData","isConnectionRuntimeParameter":false,"isObjectRuntimeParameter":false,"connectionParameterName":"p_tgt_conn","objectParameterName":"p_tgt_object"},"overriddenFields":[]},{"@type":"mtTaskParameter","id":303212377,"name":"$p_exp_fields$","type":"STRING","label":"Optional Expression Fields (p_exp_fields)","description":"Optionally, create expressions that add fields to the target. For example, you might want to add a system timestamp field to each replicated record in the target. \\n\\nUse the built-in functions to create one or more expressions.\\n\\nIf you do not want to add additional fields, do not enter expressions here.","uiProperties":{"paramtype":"ExpressionEditor","caption":"Expressions","required":"false","templateData":"$p_exp_fields$","default":"$p_exp_fields$","originalPath":"exp_add"},"newFlatFile":false,"newObject":false,"showBusinessNames":true,"naturalOrder":true,"truncateTarget":false,"bulkApiDBTarget":false,"customFuncCfg":{"@type":"customFuncConfig","id":-1,"connections":[],"inputMap":[],"outputFields":[]},"tgtFieldRefs":{},"targetRefsV2":{},"targetUpdateColumns":[],"runtimeAttrs":{},"isRESTModernSource":true,"isFileList":false,"handleSpecialChars":false,"frsAsset":false,"dynamicFileName":false,"excludeDynamicFileNameField":false,"currentlyProcessedFileName":false,"retainFieldMetadata":false,"useExactSrcNames":false,"fetchMode":"ORIGINAL","tgtObjectAttributes":{},"runtimeParameterData":{"@type":"mtTaskRuntimeParameterData","isConnectionRuntimeParameter":false,"isObjectRuntimeParameter":false},"overriddenFields":[]}],"sequences":[],"inOutParameters":[],"connRuntimeAttrs":[]}]