[{"@type":"mappingTemplate","id":"@1","name":"Snowflake_ChildrensHospital_DuplicateMerge","description":"","autoExpireObject":false,"bundleVersion":"0","assetFrsGuid":"8X5HzmhBo7RcrvELE0l2iq","templateId":"@3","deployTime":1638750407000,"hasParameters":false,"valid":true,"fixedConnection":true,"hasParametersDeployed":false,"fixedConnectionDeployed":true,"isSchemaValidationEnabled":false,"tasks":1,"mappingPreviewFileRecordId":"@2","documentType":"MAPPING","references":[{"@type":"reference","refObjectId":"@3deLqjHJjBPit7uLf2I4UF","refType":"connection"},{"@type":"reference","refObjectId":"@1RWKgtCbTuchAzrV3oTngR","refType":"connection"}]}]