[{"@type":"mappingTemplate","id":"@1","name":"FF_load_SQLServer","description":"","bundleVersion":"0","templateId":"@3","deployTime":1660854706000,"hasParameters":false,"valid":true,"fixedConnection":true,"hasParametersDeployed":false,"fixedConnectionDeployed":true,"tasks":0,"mappingPreviewFileRecordId":"@2","documentType":"MAPPING","references":[{"@type":"reference","refObjectId":"@8wdkBKEr0SRgfClDxy4waE","refType":"connection"},{"@type":"reference","refObjectId":"@1tzgrxu5pizhteABgbTj4e","refType":"connection"}]}]