[{"@type":"mappingTemplate","id":"@1","name":"M_S3V2_filed_truncation","description":"","bundleVersion":"0","templateId":"@3","deployTime":1590595476000,"hasParameters":false,"valid":true,"fixedConnection":true,"hasParametersDeployed":false,"fixedConnectionDeployed":true,"tasks":0,"mappingPreviewFileRecordId":"@2","documentType":"","references":[{"@type":"reference","refObjectId":"@9dfuSRNySCLiTCLDt3KJkU","refType":"connection"},{"@type":"reference","refObjectId":"@0dbZdyyw0dbl9OTi6yoA09","refType":"connection"}]}]