[{"@type":"mappingTemplate","id":"@1","name":"m_SQLServer_FF_Halfdataload_issue","description":"","autoExpireObject":false,"bundleVersion":"0","assetFrsGuid":"6F405vgdgn1bFLwCYwzOEQ","templateId":"@3","deployTime":1686173510000,"hasParameters":true,"valid":true,"fixedConnection":true,"hasParametersDeployed":true,"fixedConnectionDeployed":true,"isSchemaValidationEnabled":false,"tasks":0,"mappingPreviewFileRecordId":"@2","documentType":"MAPPING","references":[{"@type":"reference","refObjectId":"@1RWKgtCbTuchAzrV3oTngR","refType":"connection"}]}]