[{"@type":"mtTask","id":"@1","name":"MappintTask_24","description":"","autoExpireObject":false,"runtimeEnvironmentId":"@a9KBifWl55NhV8weKMnfY7","maxLogs":10,"verbose":false,"mappingId":"@2GInmfO0XYRkeEJJmO6l2s","frsGuid":"6KSYcH4zoUTepXUvJvtpmf","shortDescription":"","sessionPropertiesList":[],"hidden":false,"enableCrossSchemaPushdown":true,"enableParallelRun":false,"autoTunedApplied":false,"autoTunedAppliedType":"NONE","paramFileType":"PARAM_FILE_LOCAL","schemaMode":"async","valid":true,"schemaValidationErrorCount":-1,"parameterFileEncoding":"UTF-8","serverlessProperties":{},"taskProperties":[{"@type":"taskProperty","name":"parameterFileDir","currentValue":"","type":"STRING","label":"label.parameterFileDir","required":false},{"@type":"taskProperty","name":"parameterFileName","currentValue":"","type":"STRING","label":"label.parameterFileName","required":false},{"@type":"taskProperty","name":"outboundMessageUrlQueueTime","currentValue":"","type":"NUMBER","label":"label.outboundMessageUrlQueueTime","required":false},{"@type":"taskProperty","name":"outboundMessageUrlToken","currentValue":"","type":"STRING","label":"label.outboundMessageUrlToken","required":false}],"isMidstreamPreview":false,"parameters":[{"@type":"mtTaskParameter","id":266664211,"name":"$Source$","type":"EXTENDED_SOURCE","label":"s_varun_conn","description":"","uiProperties":{"cnxtype":"Snowflake Cloud Data Warehouse V2","connectionParameterized":"true","paramName":"s_varun_conn","paramLabel":"","paramType-mapping":"Connection","logcnx":"s_varun_conn","isSelectDistinct":"false","isMsrcFilterParameterized":"false","isMsrcSortParameterized":"false","objlabel":"S_varun","origobjlabel":"","objectParameterized":"true","objDesc":"","objectParamName":"S_varun","objectParamType-mapping":"DataObject","originalPath":"Source"},"sourceConnectionId":"@3deLqjHJjBPit7uLf2I4UF","newFlatFile":false,"newObject":false,"showBusinessNames":true,"naturalOrder":true,"truncateTarget":false,"bulkApiDBTarget":false,"customFuncCfg":{"@type":"customFuncConfig","id":-1,"connections":[],"inputMap":[],"outputFields":[]},"targetRefsV2":{},"targetUpdateColumns":[],"extendedObject":{"@type":"extendedObject","object":{"@type":"mObject","name":"GCS/GCS/CW_OPNRESVORD_EXTENDED","label":"CW_OPNRESVORD_EXTENDED","metadataUpdated":false,"relations":[],"children":[]},"singleMode":true,"objects":[{"@type":"mObject","name":"GCS/GCS/CW_OPNRESVORD_EXTENDED","label":"CW_OPNRESVORD_EXTENDED","metadataUpdated":false,"relations":[],"children":[]}],"filters":[],"sortFields":[]},"runtimeAttrs":{},"isRESTModernSource":true,"isFileList":false,"handleSpecialChars":false,"handleDecimalRoundOff":false,"frsAsset":false,"dynamicFileName":false,"excludeDynamicFileNameField":false,"currentlyProcessedFileName":false,"retainFieldMetadata":false,"useExactSrcNames":false,"userUpdated":true,"tgtObjectAttributes":{},"runtimeParameterData":{"@type":"mtTaskRuntimeParameterData","isConnectionRuntimeParameter":true,"isObjectRuntimeParameter":true,"connectionParameterName":"s_varun_conn","objectParameterName":"S_varun","objectDefaultValue":"CW_OPNRESVORD_EXTENDED"},"overridableProperties":[],"overriddenFields":[]},{"@type":"mtTaskParameter","id":266664214,"name":"$Target$","type":"TARGET","label":"s_varun_tgt","description":"","uiProperties":{"cnxtype":"CSVFile","connectionParameterized":"true","paramName":"s_varun_tgt","paramLabel":"","paramType-mapping":"Connection","logcnx":"s_varun_tgt","objlabel":"s_varun_obj_tgt","origobjlabel":"","objectParameterized":"true","objDesc":"","objectParamName":"s_varun_obj_tgt","objectParamType-mapping":"DataObject","defaultTargetUpdateColumns":"","noCreateTarget":"true","supportApplyDDLChanges":"false","originalPath":"Target"},"targetConnectionId":"@csaG1osDGkKg7bs2KP6Tsk","targetObject":"inp1111fds.csv","targetObjectLabel":"inp1111fds.csv","newFlatFile":false,"newObject":false,"showBusinessNames":true,"naturalOrder":true,"truncateTarget":false,"bulkApiDBTarget":false,"operationType":"Insert","customFuncCfg":{"@type":"customFuncConfig","id":-1,"connections":[],"inputMap":[],"outputFields":[]},"targetRefsV2":{},"targetUpdateColumns":[],"extendedObject":{"@type":"extendedObject","singleMode":true,"filters":[],"sortFields":[]},"runtimeAttrs":{},"isRESTModernSource":true,"isFileList":false,"handleSpecialChars":false,"handleDecimalRoundOff":false,"frsAsset":false,"dynamicFileName":false,"excludeDynamicFileNameField":false,"currentlyProcessedFileName":false,"retainFieldMetadata":false,"objectName":"inp1111fds.csv","objectLabel":"inp1111fds.csv","useExactSrcNames":false,"userUpdated":true,"tgtObjectAttributes":{},"runtimeParameterData":{"@type":"mtTaskRuntimeParameterData","isConnectionRuntimeParameter":true,"isObjectRuntimeParameter":true,"connectionParameterName":"s_varun_tgt","objectParameterName":"s_varun_obj_tgt","objectDefaultValue":"inp1111fds.csv"},"overridableProperties":[],"overriddenFields":[]}],"sequences":[],"inOutParameters":[],"connRuntimeAttrs":[]}]