[{"@type":"mappingTemplate","id":"@1","name":"m_MYSQL_Snowflake_RejectRows","description":"","autoExpireObject":false,"bundleVersion":"0","assetFrsGuid":"4lD8s7If0dIjR6Zie2hoWX","templateId":"@3","deployTime":1605817770000,"hasParameters":false,"valid":true,"fixedConnection":true,"hasParametersDeployed":false,"fixedConnectionDeployed":true,"isSchemaValidationEnabled":false,"tasks":1,"mappingPreviewFileRecordId":"@2","documentType":"MAPPING","references":[{"@type":"reference","refObjectId":"@4YpRqLxa08GiXSdOMFlmAt","refType":"connection"},{"@type":"reference","refObjectId":"@1RWKgtCbTuchAzrV3oTngR","refType":"connection"}]}]