[{"@type":"mappingTemplate","id":"@1","name":"m_CreateTargetRuntime_Override_PreSQL","description":"","autoExpireObject":false,"bundleVersion":"0","assetFrsGuid":"eeXeAMRzEYikq4Is82vP2a","templateId":"@3","deployTime":1718992458000,"hasParameters":true,"valid":true,"fixedConnection":true,"hasParametersDeployed":true,"fixedConnectionDeployed":true,"isSchemaValidationEnabled":false,"tasks":1,"mappingPreviewFileRecordId":"@2","documentType":"MAPPING","references":[{"@type":"reference","refObjectId":"@kXSc8AmnAmNc0fmIfl5YQj","refType":"connection"}]}]