[{"@type":"mappingTemplate","id":"@1","name":"Snowflake_ObjectParameterization","description":"","autoExpireObject":false,"bundleVersion":"0","assetFrsGuid":"dMT6wcRehWfhzBdYBKJBoo","templateId":"@3","deployTime":1576264782000,"hasParameters":true,"valid":true,"fixedConnection":true,"hasParametersDeployed":true,"fixedConnectionDeployed":true,"isSchemaValidationEnabled":false,"tasks":1,"mappingPreviewFileRecordId":"@2","documentType":"","references":[{"@type":"reference","refObjectId":"@1eS7DLDaa97fyBxL3tmGAj","refType":"connection"},{"@type":"reference","refObjectId":"@1RWKgtCbTuchAzrV3oTngR","refType":"connection"}]}]