[{"@type":"mappingTemplate","id":"@1","name":"JSON_TO_PARQUET","description":"","autoExpireObject":false,"bundleVersion":"0","assetFrsGuid":"aj8oo1RN68pko4QTzSxxQw","templateId":"@3","deployTime":1699395956000,"hasParameters":false,"valid":true,"fixedConnection":true,"hasParametersDeployed":false,"fixedConnectionDeployed":true,"isSchemaValidationEnabled":false,"tasks":1,"mappingPreviewFileRecordId":"@2","documentType":"MAPPING","references":[{"@type":"reference","refObjectId":"@9dfuSRNySCLiTCLDt3KJkU","refType":"connection"},{"@type":"reference","refObjectId":"@25lYesxramRlxEbAanqn0B","refType":"structureDefinition"}]}]