[{"@type":"mappingTemplate","id":"@1","name":"Mapping38","description":"","autoExpireObject":false,"bundleVersion":"0","assetFrsGuid":"4DFEFihUuB7fmOmmwJ8VIk","templateId":"@3","deployTime":1644016347000,"hasParameters":false,"valid":true,"fixedConnection":true,"hasParametersDeployed":false,"fixedConnectionDeployed":true,"isSchemaValidationEnabled":false,"tasks":1,"mappingPreviewFileRecordId":"@2","documentType":"MAPPING","references":[{"@type":"reference","refObjectId":"@1eS7DLDaa97fyBxL3tmGAj","refType":"connection"},{"@type":"reference","refObjectId":"@1RWKgtCbTuchAzrV3oTngR","refType":"connection"}]}]