[{"@type":"mappingTemplate","id":"@1","name":"Mapping19","description":"","autoExpireObject":false,"bundleVersion":"0","assetFrsGuid":"37aDfzYSQE0hyiG5b8Taab","templateId":"@3","deployTime":1606332948000,"hasParameters":false,"valid":false,"fixedConnection":true,"hasParametersDeployed":false,"fixedConnectionDeployed":true,"isSchemaValidationEnabled":false,"tasks":0,"mappingPreviewFileRecordId":"@2","documentType":"MAPPING","references":[{"@type":"reference","refObjectId":"@3deLqjHJjBPit7uLf2I4UF","refType":"connection"}]}]