[{"@type":"businessService","id":"@1","name":"dudek_vision_BS","description":"","type":"WebService","connectionId":"@5guPTpu7NY0lopkVNZaTCL","businessOperations":[{"@type":"businessOperation","id":"@52HPPGQxkekcSK8hvzYIod@ValidateLogin","originName":"ValidateLogin","name":"ValidateLogin","configured":false,"metadataId":"@4","requestId":"@5","responseId":"@6","faultId":"@3","extensionXmlId":"@2"},{"@type":"businessOperation","id":"@52HPPGQxkekcSK8hvzYIod@UpdateEmployee","originName":"UpdateEmployee","name":"UpdateEmployee","description":"","configured":false,"metadataId":"@9","requestId":"@10","responseId":"@11","faultId":"@8","extensionXmlId":"@7"}]}]