[{"@type":"fileRecord","id":"@8","name":"fault","type":"XSD","size":4853,"attachTime":1572889252000},{"@type":"fileRecord","id":"@9","name":"metadata","type":"JSON","size":3072,"attachTime":1572889252000},{"@type":"fileRecord","id":"@6","name":"response","type":"XSD","size":5622,"attachTime":1572889252000},{"@type":"fileRecord","id":"@7","name":"extension","type":"XML","size":17824,"attachTime":1572889252000},{"@type":"fileRecord","id":"@4","name":"metadata","type":"JSON","size":2857,"attachTime":1572889252000},{"@type":"fileRecord","id":"@5","name":"request","type":"XSD","size":5584,"attachTime":1572889252000},{"@type":"fileRecord","id":"@2","name":"extension","type":"XML","size":17959,"attachTime":1572889252000},{"@type":"fileRecord","id":"@3","name":"fault","type":"XSD","size":4851,"attachTime":1572889252000},{"@type":"fileRecord","id":"@11","name":"response","type":"XSD","size":5630,"attachTime":1572889252000},{"@type":"fileRecord","id":"@10","name":"request","type":"XSD","size":5706,"attachTime":1572889252000}]