[{"@type":"mtTask","id":"@1","name":"mct_SQL_Snowflake_Xiang_POD4","description":"REST_API_UPDATE","autoExpireObject":false,"runtimeEnvironmentId":"@a9KBifWl55NhV8weKMnfY7","maxLogs":10,"verbose":true,"mappingId":"@8Y7greo1NeleykDXVfocWT","frsGuid":"aM9m9WwluAflzdEyzWZv8j","shortDescription":"REST_API_UPDATE","sessionPropertiesList":[{"name":"Session Log File Name","value":"$CurrentTaskName","recommended":false}],"hidden":false,"enableCrossSchemaPushdown":true,"enableParallelRun":false,"autoTunedApplied":false,"autoTunedAppliedType":"NONE","paramFileType":"PARAM_FILE_LOCAL","schemaMode":"async","valid":true,"schemaValidationErrorCount":-1,"parameterFileEncoding":"UTF-8","serverlessProperties":{},"taskProperties":[{"@type":"taskProperty","name":"parameterFileDir","currentValue":"","type":"STRING","label":"label.parameterFileDir","required":false},{"@type":"taskProperty","name":"parameterFileName","currentValue":"","type":"STRING","label":"label.parameterFileName","required":false},{"@type":"taskProperty","name":"outboundMessageUrlQueueTime","currentValue":"","type":"NUMBER","label":"label.outboundMessageUrlQueueTime","required":false},{"@type":"taskProperty","name":"outboundMessageUrlToken","currentValue":"","type":"STRING","label":"label.outboundMessageUrlToken","required":false}],"isMidstreamPreview":false,"parameters":[{"@type":"mtTaskParameter","id":244168630,"name":"$Src_SQL_Server$","type":"EXTENDED_SOURCE","label":"Source_param","description":"","uiProperties":{"cnxtype":"SqlServer","connectionParameterized":"true","paramName":"Source_param","paramLabel":"","paramType-mapping":"Connection","logcnx":"Source_param","isSelectDistinct":"false","isMsrcFilterParameterized":"false","isMsrcSortParameterized":"false","objlabel":"Src_Obj","origobjlabel":"","objectParameterized":"true","objDesc":"","objectParamName":"Src_Obj","objectParamType-mapping":"DataObject","originalPath":"Src_SQL_Server"},"sourceConnectionId":"@jG7UNWMRgskdbCakgjNnwc","newFlatFile":false,"newObject":false,"showBusinessNames":true,"naturalOrder":true,"truncateTarget":false,"bulkApiDBTarget":false,"customFuncCfg":{"@type":"customFuncConfig","id":-1,"connections":[],"inputMap":[],"outputFields":[]},"targetRefsV2":{},"targetUpdateColumns":[],"extendedObject":{"@type":"extendedObject","object":{"@type":"mObject","name":"GA_Devices_Inform","label":"GA_Devices_Inform","metadataUpdated":false,"relations":[],"children":[]},"singleMode":true,"objects":[{"@type":"mObject","name":"GA_Devices_Inform","label":"GA_Devices_Inform","metadataUpdated":false,"relations":[],"children":[]}],"filters":[],"sortFields":[]},"runtimeAttrs":{},"isRESTModernSource":true,"isFileList":false,"handleSpecialChars":false,"handleDecimalRoundOff":false,"frsAsset":false,"dynamicFileName":false,"excludeDynamicFileNameField":false,"currentlyProcessedFileName":false,"retainFieldMetadata":false,"useExactSrcNames":false,"userUpdated":true,"fetchMode":"ORIGINAL","tgtObjectAttributes":{},"runtimeParameterData":{"@type":"mtTaskRuntimeParameterData","isConnectionRuntimeParameter":true,"isObjectRuntimeParameter":true,"connectionParameterName":"Source_param","objectParameterName":"Src_Obj","objectDefaultValue":"GA_Devices_Inform"},"overridableProperties":[],"overriddenFields":[]},{"@type":"mtTaskParameter","id":244168633,"name":"$TGT_Snowflake$","type":"TARGET","label":"Tgt_param","description":"","uiProperties":{"cnxtype":"Snowflake Cloud Data Warehouse V2","connectionParameterized":"true","paramName":"Tgt_param","paramLabel":"","paramType-mapping":"Connection","logcnx":"Tgt_param","objlabel":"Tgt_Obj","origobjlabel":"","objectParameterized":"true","objDesc":"","objectParamName":"Tgt_Obj","objectParamType-mapping":"DataObject","defaultTargetUpdateColumns":"","supportApplyDDLChanges":"true","originalPath":"TGT_Snowflake"},"targetConnectionId":"@3deLqjHJjBPit7uLf2I4UF","targetObject":"GCS/GCS/UPDATE_API_TEST","targetObjectLabel":"UPDATE_API_TEST","newFlatFile":false,"newObject":false,"showBusinessNames":true,"naturalOrder":true,"truncateTarget":false,"bulkApiDBTarget":false,"operationType":"Insert","customFuncCfg":{"@type":"customFuncConfig","id":-1,"connections":[],"inputMap":[],"outputFields":[]},"targetRefsV2":{},"targetUpdateColumns":[],"extendedObject":{"@type":"extendedObject","singleMode":true,"filters":[],"sortFields":[]},"runtimeAttrs":{},"isRESTModernSource":true,"isFileList":false,"handleSpecialChars":false,"handleDecimalRoundOff":false,"frsAsset":false,"dynamicFileName":false,"excludeDynamicFileNameField":false,"currentlyProcessedFileName":false,"retainFieldMetadata":false,"objectName":"GCS/GCS/UPDATE_API_TEST","objectLabel":"UPDATE_API_TEST","useExactSrcNames":false,"userUpdated":true,"fetchMode":"ORIGINAL","tgtObjectAttributes":{},"runtimeParameterData":{"@type":"mtTaskRuntimeParameterData","isConnectionRuntimeParameter":true,"isObjectRuntimeParameter":true,"connectionParameterName":"Tgt_param","objectParameterName":"Tgt_Obj","objectDefaultValue":"TEST_TABLE_VS"},"overridableProperties":[],"overriddenFields":[]}],"sequences":[],"inOutParameters":[],"connRuntimeAttrs":[]}]