[{"@type":"mappingTemplate","id":"@1","name":"Mapping22","description":"","autoExpireObject":false,"bundleVersion":"0","assetFrsGuid":"79DZer0wVN4fJo8CxB0TyG","templateId":"@3","deployTime":1611172579000,"hasParameters":true,"valid":true,"fixedConnection":true,"hasParametersDeployed":true,"fixedConnectionDeployed":true,"isSchemaValidationEnabled":false,"tasks":1,"mappingPreviewFileRecordId":"@2","documentType":"MAPPING","references":[{"@type":"reference","refObjectId":"@5kEML2JM3N5l8OF7U8DiIi","refType":"connection"}]}]