[{"@type":"mappingTemplate","id":"@1","name":"Mapping17","description":"","autoExpireObject":false,"bundleVersion":"0","assetFrsGuid":"3fhWApsSqi0feDSCZkkvc7","templateId":"@3","deployTime":1605036022000,"hasParameters":false,"valid":true,"fixedConnection":true,"hasParametersDeployed":false,"fixedConnectionDeployed":true,"isSchemaValidationEnabled":false,"tasks":0,"mappingPreviewFileRecordId":"@2","documentType":"MAPPING","references":[{"@type":"reference","refObjectId":"@5kEML2JM3N5l8OF7U8DiIi","refType":"connection"},{"@type":"reference","refObjectId":"@1RWKgtCbTuchAzrV3oTngR","refType":"connection"}]}]