[{"@type":"mtTask","id":"@1","name":"mt_m_iss_analytics","description":"","autoExpireObject":false,"runtimeEnvironmentId":"@a9KBifWl55NhV8weKMnfY7","maxLogs":10,"verbose":false,"mappingId":"@eOBhmbntZ0zeEduLD1Sjq0","frsGuid":"iqv7pvnk6qulLy0nr5FC22","shortDescription":"","sessionPropertiesList":[{"name":"Error Log File Directory","value":"$PMBadFileDir","recommended":false},{"name":"Error Log File Name","value":"$CurrentTaskName_$CurrentTime.err","recommended":false},{"name":"Session Log File Name","value":"$CurrentTaskName_$CurrentTime.log","recommended":false}],"hidden":false,"enableCrossSchemaPushdown":true,"enableParallelRun":false,"autoTunedApplied":false,"autoTunedAppliedType":"NONE","paramFileType":"PARAM_FILE_LOCAL","schemaMode":"async","valid":true,"schemaValidationErrorCount":-1,"parameterFileEncoding":"UTF-8","serverlessProperties":{},"taskProperties":[{"@type":"taskProperty","name":"parameterFileDir","currentValue":"","type":"STRING","label":"label.parameterFileDir","required":false},{"@type":"taskProperty","name":"parameterFileName","currentValue":"","type":"STRING","label":"label.parameterFileName","required":false},{"@type":"taskProperty","name":"outboundMessageUrlQueueTime","currentValue":"","type":"NUMBER","label":"label.outboundMessageUrlQueueTime","required":false},{"@type":"taskProperty","name":"outboundMessageUrlToken","currentValue":"","type":"STRING","label":"label.outboundMessageUrlToken","required":false}],"isMidstreamPreview":false,"parameters":[{"@type":"mtTaskParameter","id":568583161,"name":"$src_ff_iss$","type":"EXTENDED_SOURCE","label":"src_ff_iss","uiProperties":{"connectionParameterized":"false","isSelectDistinct":"false","isMsrcFilterParameterized":"false","isMsrcSortParameterized":"false","isFFGeneratePort":"true","objectParameterized":"false","visible":"false","originalPath":"src_ff_iss"},"sourceConnectionId":"@3deLqjHJjBPit7uLf2I4UF","newFlatFile":false,"newObject":false,"showBusinessNames":false,"naturalOrder":true,"truncateTarget":false,"bulkApiDBTarget":false,"srcFFAttrs":{"@type":"flatFileAttrs","id":63523546,"delimiter":",","textQualifier":"\"","escapeChar":"","headerLineNo":1,"firstDataRow":2,"rowDelimiter":0,"consecutiveDelimiter":false,"multiDelimitersAsAnd":true,"firstDataRowAsHeader":false},"customFuncCfg":{"@type":"customFuncConfig","id":-1,"connections":[],"inputMap":[],"outputFields":[]},"targetRefsV2":{},"targetUpdateColumns":[],"extendedObject":{"@type":"extendedObject","object":{"@type":"mObject","name":"ISS/issfilelist.txt","label":"issfilelist.txt","metadataUpdated":false,"relations":[],"children":[]},"singleMode":false,"objects":[{"@type":"mObject","name":"ISS/issfilelist.txt","label":"issfilelist.txt","metadataUpdated":false,"relations":[],"children":[]}],"filters":[],"sortFields":[]},"runtimeAttrs":{},"isRESTModernSource":true,"isFileList":true,"handleSpecialChars":false,"handleDecimalRoundOff":false,"frsAsset":false,"dynamicFileName":false,"excludeDynamicFileNameField":false,"currentlyProcessedFileName":false,"retainFieldMetadata":false,"useExactSrcNames":false,"userUpdated":true,"tgtObjectAttributes":{},"runtimeParameterData":{"@type":"mtTaskRuntimeParameterData","isConnectionRuntimeParameter":false,"isObjectRuntimeParameter":false},"overridableProperties":[],"overriddenFields":[]},{"@type":"mtTaskParameter","id":568583164,"name":"$src_snf_iss_analytics$","type":"SOURCE","label":"src_snf_iss_analytics","uiProperties":{"connectionParameterized":"false","isSelectDistinct":"false","objectParameterized":"false","visible":"false","originalPath":"src_snf_iss_analytics"},"sourceConnectionId":"@3deLqjHJjBPit7uLf2I4UF","sourceObject":"DUMMY_src_snf_iss_analytics","newFlatFile":false,"newObject":false,"showBusinessNames":false,"naturalOrder":true,"truncateTarget":false,"bulkApiDBTarget":false,"customFuncCfg":{"@type":"customFuncConfig","id":-1,"connections":[],"inputMap":[],"outputFields":[]},"targetRefsV2":{},"targetUpdateColumns":[],"runtimeAttrs":{},"isRESTModernSource":true,"customQuery":"SELECT DIM_KEY AS DIM_KEY_CUR\n           , FINGERPRINT   AS FINGERPRINT_CUR\n           , ISSUERID           AS ISSUERID_CUR\n FROM  GCS.GCS_TESTSCHEMA.T_ISS_ANALYTICS\nWHERE IS_CURRENT = TRUE;","isFileList":false,"handleSpecialChars":false,"handleDecimalRoundOff":false,"frsAsset":false,"dynamicFileName":false,"excludeDynamicFileNameField":false,"currentlyProcessedFileName":false,"retainFieldMetadata":false,"objectName":"DUMMY_src_snf_iss_analytics","useExactSrcNames":false,"userUpdated":true,"tgtObjectAttributes":{},"runtimeParameterData":{"@type":"mtTaskRuntimeParameterData","isConnectionRuntimeParameter":false,"isObjectRuntimeParameter":false},"overridableProperties":[],"overriddenFields":[]},{"@type":"mtTaskParameter","id":568583167,"name":"$tgt_ff_iss_analytics$","type":"TARGET","label":"tgt_ff_iss_analytics","uiProperties":{"connectionParameterized":"false","objectParameterized":"false","visible":"false","defaultTargetUpdateColumns":"","supportApplyDDLChanges":"true","originalPath":"tgt_ff_iss_analytics"},"targetConnectionId":"@8S3CIFgskyPfElepJo39sL","targetObject":"tgt_iss_analytics.csv","targetObjectLabel":"tgt_iss_analytics.csv","newFlatFile":false,"newObject":true,"showBusinessNames":false,"naturalOrder":true,"newObjectName":"tgt_iss_analytics.csv","truncateTarget":false,"bulkApiDBTarget":false,"operationType":"Insert","tgtFFAttrs":{"@type":"flatFileAttrs","id":63523549,"delimiter":",","textQualifier":"\"","escapeChar":"","headerLineNo":1,"rowDelimiter":0,"consecutiveDelimiter":false,"multiDelimitersAsAnd":true},"customFuncCfg":{"@type":"customFuncConfig","id":-1,"connections":[],"inputMap":[],"outputFields":[]},"targetRefsV2":{},"targetUpdateColumns":[],"extendedObject":{"@type":"extendedObject","singleMode":true,"filters":[],"sortFields":[]},"runtimeAttrs":{},"isRESTModernSource":true,"isFileList":false,"handleSpecialChars":false,"handleDecimalRoundOff":false,"frsAsset":false,"dynamicFileName":false,"excludeDynamicFileNameField":false,"currentlyProcessedFileName":false,"retainFieldMetadata":false,"objectName":"tgt_iss_analytics.csv","objectLabel":"tgt_iss_analytics.csv","useExactSrcNames":false,"userUpdated":true,"tgtObjectAttributes":{},"runtimeParameterData":{"@type":"mtTaskRuntimeParameterData","isConnectionRuntimeParameter":false,"isObjectRuntimeParameter":false},"overridableProperties":[],"overriddenFields":[]},{"@type":"mtTaskParameter","id":568583170,"name":"$tgt_snf_iss_analytics$","type":"TARGET","label":"tgt_snf_iss_analytics","uiProperties":{"connectionParameterized":"false","objectParameterized":"false","visible":"false","defaultTargetUpdateColumns":"","supportApplyDDLChanges":"false","originalPath":"tgt_snf_iss_analytics"},"targetConnectionId":"@3deLqjHJjBPit7uLf2I4UF","targetObject":"DB_PRISM/SC_TRANSFORM/T_ISS_ANALYTICS","targetObjectLabel":"T_ISS_ANALYTICS","newFlatFile":false,"newObject":false,"showBusinessNames":false,"naturalOrder":true,"truncateTarget":false,"bulkApiDBTarget":false,"operationType":"Insert","customFuncCfg":{"@type":"customFuncConfig","id":-1,"connections":[],"inputMap":[],"outputFields":[]},"targetRefsV2":{},"targetUpdateColumns":[],"extendedObject":{"@type":"extendedObject","singleMode":true,"filters":[],"sortFields":[]},"runtimeAttrs":{},"isRESTModernSource":true,"isFileList":false,"handleSpecialChars":false,"handleDecimalRoundOff":false,"frsAsset":false,"dynamicFileName":false,"excludeDynamicFileNameField":false,"currentlyProcessedFileName":false,"retainFieldMetadata":false,"objectName":"DB_PRISM/SC_TRANSFORM/T_ISS_ANALYTICS","objectLabel":"T_ISS_ANALYTICS","useExactSrcNames":false,"userUpdated":true,"tgtObjectAttributes":{},"runtimeParameterData":{"@type":"mtTaskRuntimeParameterData","isConnectionRuntimeParameter":false,"isObjectRuntimeParameter":false},"overridableProperties":[],"overriddenFields":[]},{"@type":"mtTaskParameter","id":568583173,"name":"$tgt_snf_iss_analytics_upd$","type":"TARGET","label":"tgt_snf_iss_analytics_upd","uiProperties":{"connectionParameterized":"false","objectParameterized":"false","visible":"false","defaultTargetUpdateColumns":"DIM_KEY,FINGERPRINT","supportApplyDDLChanges":"false","originalPath":"tgt_snf_iss_analytics_upd"},"targetConnectionId":"@3deLqjHJjBPit7uLf2I4UF","targetObject":"DB_PRISM/SC_TRANSFORM/T_ISS_ANALYTICS","targetObjectLabel":"T_ISS_ANALYTICS","newFlatFile":false,"newObject":false,"showBusinessNames":false,"naturalOrder":true,"truncateTarget":false,"bulkApiDBTarget":false,"operationType":"Update","customFuncCfg":{"@type":"customFuncConfig","id":-1,"connections":[],"inputMap":[],"outputFields":[]},"targetRefsV2":{},"targetUpdateColumns":["DIM_KEY","FINGERPRINT"],"extendedObject":{"@type":"extendedObject","singleMode":true,"filters":[],"sortFields":[]},"runtimeAttrs":{},"isRESTModernSource":true,"isFileList":false,"handleSpecialChars":false,"handleDecimalRoundOff":false,"frsAsset":false,"dynamicFileName":false,"excludeDynamicFileNameField":false,"currentlyProcessedFileName":false,"retainFieldMetadata":false,"objectName":"DB_PRISM/SC_TRANSFORM/T_ISS_ANALYTICS","objectLabel":"T_ISS_ANALYTICS","useExactSrcNames":false,"userUpdated":true,"tgtObjectAttributes":{},"runtimeParameterData":{"@type":"mtTaskRuntimeParameterData","isConnectionRuntimeParameter":false,"isObjectRuntimeParameter":false},"overridableProperties":[],"overriddenFields":[]}],"sequences":[],"inOutParameters":[],"connRuntimeAttrs":[]}]