[{"@type":"mtTask","id":"@1","name":"mct_Snowflake_ChildrensHospital_DuplicateMerge","description":"","autoExpireObject":false,"runtimeEnvironmentId":"@3TRdymd0I7nj1azisVoLqs","maxLogs":10,"verbose":false,"mappingId":"@8X5HzmhBo7RcrvELE0l2iq","frsGuid":"izaSEoJvw4UdPInJahHzyp","shortDescription":"","sessionPropertiesList":[{"name":"Allow Temporary Sequence for Pushdown","value":"NO","recommended":false},{"name":"Allow Temporary View for Pushdown","value":"NO","recommended":false},{"name":"Default buffer block size","value":"512MB","recommended":false},{"name":"DTM buffer size","value":"8GB","recommended":false},{"name":"Pushdown Optimization","value":"None","recommended":false}],"hidden":false,"enableCrossSchemaPushdown":true,"enableParallelRun":false,"autoTunedApplied":false,"autoTunedAppliedType":"NONE","paramFileType":"PARAM_FILE_LOCAL","schemaMode":"async","valid":true,"schemaValidationErrorCount":-1,"parameterFileEncoding":"UTF-8","serverlessProperties":{},"taskProperties":[{"@type":"taskProperty","name":"parameterFileDir","currentValue":"","type":"STRING","label":"label.parameterFileDir","required":false},{"@type":"taskProperty","name":"parameterFileName","currentValue":"","type":"STRING","label":"label.parameterFileName","required":false},{"@type":"taskProperty","name":"outboundMessageUrlQueueTime","currentValue":"","type":"NUMBER","label":"label.outboundMessageUrlQueueTime","required":false},{"@type":"taskProperty","name":"outboundMessageUrlToken","currentValue":"","type":"STRING","label":"label.outboundMessageUrlToken","required":false}],"isMidstreamPreview":false,"parameters":[{"@type":"mtTaskParameter","id":411395611,"name":"$Source$","type":"SOURCE","label":"Source","uiProperties":{"connectionParameterized":"false","isSelectDistinct":"false","objectParameterized":"false","visible":"false","originalPath":"Source"},"sourceConnectionId":"@1RWKgtCbTuchAzrV3oTngR","sourceObject":"DUMMY_Source","newFlatFile":false,"newObject":false,"showBusinessNames":false,"naturalOrder":true,"truncateTarget":false,"bulkApiDBTarget":false,"customFuncCfg":{"@type":"customFuncConfig","id":-1,"connections":[],"inputMap":[],"outputFields":[]},"targetRefsV2":{},"targetUpdateColumns":[],"runtimeAttrs":{},"isRESTModernSource":true,"customQuery":"SELECT\n\tDISTINCT DRM_HIERARCHY,\n\tGEN1_NAME AS GEN1_NAME,\n\tNVL(GEN1_DESCR,\n\tGEN1_NAME) AS GEN1_DESCR,\n\tGEN2_NAME AS GEN2_NAME,\n\tCASE\n\t\tWHEN GEN1_NAME = GEN2_NAME THEN NULL\n\t\tELSE NVL(GEN2_DESCR,\n\t\tGEN2_NAME)\n\tEND AS GEN2_DESCR,\n\tGEN3_NAME AS GEN3_NAME,\n\tCASE\n\t\tWHEN GEN2_NAME = GEN3_NAME THEN NULL\n\t\tELSE NVL(GEN3_DESCR,\n\t\tGEN3_NAME)\n\tEND AS GEN3_DESCR,\n\tGEN4_NAME AS GEN4_NAME,\n\tCASE\n\t\tWHEN GEN3_NAME = GEN4_NAME THEN NULL\n\t\tELSE NVL(GEN4_DESCR,\n\t\tGEN4_NAME)\n\tEND AS GEN4_DESCR,\n\tGEN5_NAME AS GEN5_NAME,\n\tCASE\n\t\tWHEN GEN4_NAME = GEN5_NAME THEN NULL\n\t\tELSE NVL(GEN5_DESCR,\n\t\tGEN5_NAME)\n\tEND AS GEN5_DESCR,\n\tGEN6_NAME AS GEN6_NAME,\n\tCASE\n\t\tWHEN GEN5_NAME = GEN6_NAME THEN NULL\n\t\tELSE NVL(GEN6_DESCR,\n\t\tGEN6_NAME)\n\tEND AS GEN6_DESCR,\n\tGEN7_NAME AS GEN7_NAME,\n\tCASE\n\t\tWHEN GEN6_NAME = GEN7_NAME THEN NULL\n\t\tELSE NVL(GEN7_DESCR,\n\t\tGEN7_NAME)\n\tEND AS GEN7_DESCR,\n\tGEN8_NAME AS GEN8_NAME,\n\tCASE\n\t\tWHEN GEN7_NAME = GEN8_NAME THEN NULL\n\t\tELSE NVL(GEN8_DESCR,\n\t\tGEN8_NAME)\n\tEND AS GEN8_DESCR,\n\tGEN9_NAME AS GEN9_NAME,\n\tCASE\n\t\tWHEN GEN8_NAME = GEN9_NAME THEN NULL\n\t\tELSE NVL(GEN9_DESCR,\n\t\tGEN9_NAME)\n\tEND AS GEN9_DESCR,\n\tGEN10_NAME AS GEN10_NAME,\n\tCASE\n\t\tWHEN GEN9_NAME = GEN10_NAME THEN NULL\n\t\tELSE NVL(GEN10_DESCR,\n\t\tGEN10_NAME)\n\tEND AS GEN10_DESCR,\n\tGEN11_NAME AS GEN11_NAME,\n\tCASE\n\t\tWHEN GEN10_NAME = GEN11_NAME THEN NULL\n\t\tELSE NVL(substr(GEN11_DESCR,\n\t\t1,\n\t\t100),\n\t\tGEN11_NAME)\n\tEND AS GEN11_DESCR,\n\tGEN12_NAME AS GEN12_NAME,\n\tCASE\n\t\tWHEN GEN11_NAME = GEN12_NAME THEN NULL\n\t\tELSE NVL(GEN12_DESCR,\n\t\tGEN12_NAME)\n\tEND AS GEN12_DESCR,\n\tGEN13_NAME AS GEN13_NAME,\n\tCASE\n\t\tWHEN GEN12_NAME = GEN13_NAME THEN NULL\n\t\tELSE NVL(GEN13_DESCR,\n\t\tGEN13_NAME)\n\tEND AS GEN13_DESCR,\n\tGEN14_NAME AS GEN14_NAME,\n\tCASE\n\t\tWHEN GEN13_NAME = GEN14_NAME THEN NULL\n\t\tELSE NVL(GEN14_DESCR,\n\t\tGEN14_NAME)\n\tEND AS GEN14_DESCR,\n\tGEN15_NAME AS GEN15_NAME,\n\tCASE\n\t\tWHEN GEN14_NAME = GEN15_NAME THEN NULL\n\t\tELSE NVL(GEN15_DESCR,\n\t\tGEN15_NAME)\n\tEND AS GEN15_DESCR,\n\tGEN16_NAME AS GEN16_NAME,\n\tCASE\n\t\tWHEN GEN15_NAME = GEN16_NAME THEN NULL\n\t\tELSE NVL(GEN16_DESCR,\n\t\tGEN16_NAME)\n\tEND AS GEN16_DESCR,\n\tGEN17_NAME AS GEN17_NAME,\n\tCASE\n\t\tWHEN GEN16_NAME = GEN17_NAME THEN NULL\n\t\tELSE NVL(GEN17_DESCR,\n\t\tGEN17_NAME)\n\tEND AS GEN17_DESCR,\n\tGEN18_NAME AS GEN18_NAME,\n\tCASE\n\t\tWHEN GEN17_NAME = GEN18_NAME THEN NULL\n\t\tELSE NVL(GEN18_DESCR,\n\t\tGEN18_NAME)\n\tEND AS GEN18_DESCR,\n\tGEN19_NAME AS GEN19_NAME,\n\tCASE\n\t\tWHEN GEN18_NAME = GEN19_NAME THEN NULL\n\t\tELSE NVL(GEN19_DESCR,\n\t\tGEN19_NAME)\n\tEND AS GEN19_DESCR,\n\tGEN20_NAME AS GEN20_NAME,\n\tCASE\n\t\tWHEN GEN19_NAME = GEN20_NAME THEN NULL\n\t\tELSE NVL(GEN20_DESCR,\n\t\tGEN20_NAME)\n\tEND AS GEN20_DESCR,\n\tCASE\n\t\tWHEN GEN3_NAME = GEN4_NAME THEN GEN4_NAME\n\t\tWHEN GEN4_NAME = GEN5_NAME THEN GEN5_NAME\n\t\tWHEN GEN5_NAME = GEN6_NAME THEN GEN6_NAME\n\t\tWHEN GEN6_NAME = GEN7_NAME THEN GEN7_NAME\n\t\tWHEN GEN7_NAME = GEN8_NAME THEN GEN8_NAME\n\t\tWHEN GEN8_NAME = GEN9_NAME THEN GEN9_NAME\n\t\tWHEN GEN9_NAME = GEN10_NAME THEN GEN10_NAME\n\t\tWHEN GEN10_NAME = GEN11_NAME THEN GEN11_NAME\n\t\tWHEN GEN11_NAME = GEN12_NAME THEN GEN12_NAME\n\t\tWHEN GEN12_NAME = GEN13_NAME THEN GEN13_NAME\n\t\tWHEN GEN13_NAME = GEN14_NAME THEN GEN14_NAME\n\t\tWHEN GEN14_NAME = GEN15_NAME THEN GEN15_NAME\n\t\tWHEN GEN15_NAME = GEN16_NAME THEN GEN16_NAME\n\t\tWHEN GEN16_NAME = GEN17_NAME THEN GEN17_NAME\n\t\tWHEN GEN17_NAME = GEN18_NAME THEN GEN18_NAME\n\t\tWHEN GEN18_NAME = GEN19_NAME THEN GEN19_NAME\n\t\tWHEN GEN19_NAME = GEN20_NAME THEN GEN20_NAME\n\tEND AS LAST_ACCT\nFROM\n\tGCS.TEST.\"000EPMADS_ALL_HIERARCHY\"\nWHERE\n\tDRM_HIERARCHY LIKE 'Account - %';","isFileList":false,"handleSpecialChars":false,"handleDecimalRoundOff":false,"frsAsset":false,"dynamicFileName":false,"excludeDynamicFileNameField":false,"currentlyProcessedFileName":false,"retainFieldMetadata":false,"objectName":"DUMMY_Source","useExactSrcNames":false,"userUpdated":true,"tgtObjectAttributes":{},"runtimeParameterData":{"@type":"mtTaskRuntimeParameterData","isConnectionRuntimeParameter":false,"isObjectRuntimeParameter":false},"overridableProperties":[],"overriddenFields":[]},{"@type":"mtTaskParameter","id":411395614,"name":"$Target$","type":"TARGET","label":"Target","uiProperties":{"connectionParameterized":"false","objectParameterized":"false","visible":"false","defaultTargetUpdateColumns":"","supportApplyDDLChanges":"true","originalPath":"Target"},"targetConnectionId":"@1RWKgtCbTuchAzrV3oTngR","targetObject":"GCS/TEST/GCS/TEST/GL_ACCOUNT_HIERARCHY","targetObjectLabel":"GL_ACCOUNT_HIERARCHY","newFlatFile":false,"newObject":true,"showBusinessNames":false,"naturalOrder":true,"newObjectName":"GCS/TEST/GCS/TEST/GL_ACCOUNT_HIERARCHY","truncateTarget":false,"bulkApiDBTarget":false,"operationType":"Insert","customFuncCfg":{"@type":"customFuncConfig","id":-1,"connections":[],"inputMap":[],"outputFields":[]},"targetRefsV2":{},"targetUpdateColumns":[],"extendedObject":{"@type":"extendedObject","singleMode":true,"filters":[],"sortFields":[]},"runtimeAttrs":{},"isRESTModernSource":true,"isFileList":false,"handleSpecialChars":false,"handleDecimalRoundOff":false,"frsAsset":false,"dynamicFileName":false,"excludeDynamicFileNameField":false,"currentlyProcessedFileName":false,"retainFieldMetadata":false,"objectName":"GCS/TEST/GCS/TEST/GL_ACCOUNT_HIERARCHY","objectLabel":"GL_ACCOUNT_HIERARCHY","useExactSrcNames":false,"userUpdated":true,"tgtObjectAttributes":{"parent":"GCS/TEST","tableType":""},"runtimeParameterData":{"@type":"mtTaskRuntimeParameterData","isConnectionRuntimeParameter":false,"isObjectRuntimeParameter":false},"overridableProperties":[],"overriddenFields":[]},{"@type":"mtTaskParameter","id":411395617,"name":"$Lookup$","type":"LOOKUP","label":"Lookup","uiProperties":{"connectionParameterized":"false","isCachedLookup":"true","multipleMatchPolicy":"Use Any Value","objectParameterized":"false","visible":"false","originalPath":"Lookup"},"lookupConnectionId":"@3deLqjHJjBPit7uLf2I4UF","lookupObject":"DUMMY_Lookup","newFlatFile":false,"newObject":false,"showBusinessNames":false,"naturalOrder":true,"truncateTarget":false,"bulkApiDBTarget":false,"customFuncCfg":{"@type":"customFuncConfig","id":-1,"connections":[],"inputMap":[],"outputFields":[]},"targetRefsV2":{},"targetUpdateColumns":[],"runtimeAttrs":{"Cache File Name Prefix":"","Lookup Index Cache Size":"AUTO","Optional":"true","Lookup cache persistent":"false","Lookup source is static":"false","Re-cache from lookup source":"false","Insert Else Update":"false","Lookup caching enabled":"true","Lookup Data Cache Size":"AUTO","Tracing Level":"Normal","Sorted Input":"false","Lookup cache directory name":"$PMCacheDir","Output Old Value On Update":"false","Dynamic Lookup Cache":"false","Pre-build lookup cache":"AUTO","Null ordering":""},"isRESTModernSource":true,"customQuery":"SELECT ACCOUNT_HIERARCHY_KEY as ACCOUNT_HIERARCHY_KEY,  \nLEAF_DESC as LEAF_DESC, LEAF_VALUE as LEAF_VALUE, LEVEL_1_VALUE as LEVEL_1_VALUE \nFROM GCS.TEST.\"000GL_ACCOUNT_HIERARCHY\";","isFileList":false,"handleSpecialChars":false,"handleDecimalRoundOff":false,"frsAsset":false,"dynamicFileName":false,"excludeDynamicFileNameField":false,"currentlyProcessedFileName":false,"retainFieldMetadata":false,"objectName":"DUMMY_Lookup","useExactSrcNames":false,"userUpdated":true,"tgtObjectAttributes":{},"runtimeParameterData":{"@type":"mtTaskRuntimeParameterData","isConnectionRuntimeParameter":false,"isObjectRuntimeParameter":false},"overridableProperties":[],"overriddenFields":[]}],"sequences":[{"@type":"sequenceDefinition","id":"3148237","txName":"Sequence","initialValue":"1","currentValue":"1"}],"inOutParameters":[],"connRuntimeAttrs":[]}]