[{"@type":"mappingTemplate","id":"@1","name":"Mapping48","description":"","autoExpireObject":false,"bundleVersion":"0","assetFrsGuid":"abKiE1A1FuSlBRshLy4lG8","templateId":"@3","deployTime":1687470166000,"hasParameters":false,"valid":true,"fixedConnection":true,"hasParametersDeployed":false,"fixedConnectionDeployed":true,"isSchemaValidationEnabled":false,"tasks":0,"mappingPreviewFileRecordId":"@2","documentType":"MAPPING","references":[{"@type":"reference","refObjectId":"@6hT1NRiI01aj3pbRsVY3uM","refType":"connection"},{"@type":"reference","refObjectId":"@8sbGgInZRYskBuqHBRn6me","refType":"connection"}]}]