[{"@type":"mappingTemplate","id":"@1","name":"Snowflake_Full_Query_Parameterization","description":"","autoExpireObject":false,"bundleVersion":"0","assetFrsGuid":"0oucwZ3de6hkWpP1nH9Lsy","templateId":"@3","deployTime":1611690669000,"hasParameters":true,"valid":true,"fixedConnection":true,"hasParametersDeployed":true,"fixedConnectionDeployed":true,"isSchemaValidationEnabled":false,"tasks":1,"mappingPreviewFileRecordId":"@2","documentType":"MAPPING","references":[{"@type":"reference","refObjectId":"@csaG1osDGkKg7bs2KP6Tsk","refType":"connection"}]}]