[{"@type":"mappingTemplate","id":"@1","name":"m_iss_analytics","description":"","autoExpireObject":false,"bundleVersion":"0","assetFrsGuid":"eOBhmbntZ0zeEduLD1Sjq0","templateId":"@3","deployTime":1659129703000,"hasParameters":false,"valid":true,"fixedConnection":true,"hasParametersDeployed":false,"fixedConnectionDeployed":true,"isSchemaValidationEnabled":false,"tasks":1,"mappingPreviewFileRecordId":"@2","documentType":"MAPPING","references":[{"@type":"reference","refObjectId":"@8S3CIFgskyPfElepJo39sL","refType":"connection"},{"@type":"reference","refObjectId":"@3deLqjHJjBPit7uLf2I4UF","refType":"connection"}]}]