[{"@type":"mappingTemplate","id":"@1","name":"Mapping20","description":"","autoExpireObject":false,"bundleVersion":"0","assetFrsGuid":"8kKLxnBda09cosckh1WzmC","templateId":"@3","deployTime":1638399315000,"hasParameters":true,"valid":true,"fixedConnection":true,"hasParametersDeployed":true,"fixedConnectionDeployed":true,"isSchemaValidationEnabled":false,"tasks":2,"mappingPreviewFileRecordId":"@2","documentType":"MAPPING","references":[{"@type":"reference","refObjectId":"@kXSc8AmnAmNc0fmIfl5YQj","refType":"connection"}]}]