[{"@type":"mtTask","id":"@1","name":"mt_Biogen_Oracle_Snowflake_Rebates_GCOverhea","description":"","autoExpireObject":false,"runtimeEnvironmentId":"@a9KBifWl55NhV8weKMnfY7","maxLogs":10,"verbose":false,"lastRunTime":1634832150000,"mappingId":"@68bODyXsusajaLWexBc0uB","frsGuid":"auDh4xmrA6LfZnV9id63SS","shortDescription":"","sessionPropertiesList":[{"name":"Allow Temporary Sequence for Pushdown","value":"NO","recommended":false},{"name":"Allow Temporary View for Pushdown","value":"NO","recommended":false},{"name":"Pushdown Optimization","value":"None","recommended":false}],"hidden":false,"enableCrossSchemaPushdown":true,"enableParallelRun":false,"autoTunedApplied":false,"autoTunedAppliedType":"NONE","paramFileType":"PARAM_FILE_LOCAL","schemaMode":"async","valid":true,"schemaValidationErrorCount":-1,"parameterFileEncoding":"UTF-8","serverlessProperties":{},"taskProperties":[{"@type":"taskProperty","name":"parameterFileDir","currentValue":"","type":"STRING","label":"label.parameterFileDir","required":false},{"@type":"taskProperty","name":"parameterFileName","currentValue":"","type":"STRING","label":"label.parameterFileName","required":false},{"@type":"taskProperty","name":"outboundMessageUrlQueueTime","currentValue":"","type":"NUMBER","label":"label.outboundMessageUrlQueueTime","required":false},{"@type":"taskProperty","name":"outboundMessageUrlToken","currentValue":"","type":"STRING","label":"label.outboundMessageUrlToken","required":false}],"isMidstreamPreview":false,"parameters":[{"@type":"mtTaskParameter","id":379904005,"name":"$Source$","type":"EXTENDED_SOURCE","label":"Source","uiProperties":{"connectionParameterized":"false","isSelectDistinct":"false","isMsrcFilterParameterized":"false","isMsrcSortParameterized":"false","objlabel":"src_obj","origobjlabel":"","objectParameterized":"true","objDesc":"","objectParamName":"src_obj","objectParamType-mapping":"DataObject","flags":"SUPPORTS_MULTI_SCHEMA","originalPath":"Source"},"sourceConnectionId":"@1rxOzEbStztbzd80WhEn82","newFlatFile":false,"newObject":false,"showBusinessNames":true,"naturalOrder":true,"truncateTarget":false,"bulkApiDBTarget":false,"customFuncCfg":{"@type":"customFuncConfig","id":-1,"connections":[],"inputMap":[],"outputFields":[]},"targetRefsV2":{},"targetUpdateColumns":[],"extendedObject":{"@type":"extendedObject","object":{"@type":"mObject","name":"BIOGENT_ORACLE_SRC","label":"BIOGENT_ORACLE_SRC","metadataUpdated":false,"relations":[],"children":[]},"singleMode":true,"objects":[{"@type":"mObject","name":"BIOGENT_ORACLE_SRC","label":"BIOGENT_ORACLE_SRC","metadataUpdated":false,"relations":[],"children":[]}],"filters":[],"sortFields":[]},"runtimeAttrs":{},"isRESTModernSource":true,"isFileList":false,"handleSpecialChars":false,"handleDecimalRoundOff":false,"frsAsset":false,"dynamicFileName":false,"excludeDynamicFileNameField":false,"currentlyProcessedFileName":false,"retainFieldMetadata":false,"useExactSrcNames":false,"userUpdated":true,"tgtObjectAttributes":{},"runtimeParameterData":{"@type":"mtTaskRuntimeParameterData","isConnectionRuntimeParameter":false,"isObjectRuntimeParameter":false,"objectParameterName":"src_obj"},"overridableProperties":[],"overriddenFields":[]},{"@type":"mtTaskParameter","id":379904008,"name":"$Target$","type":"TARGET","label":"Target","uiProperties":{"connectionParameterized":"false","objlabel":"tgt_obj","origobjlabel":"","objectParameterized":"true","objDesc":"","objectParamName":"tgt_obj","objectParamType-mapping":"DataObject","defaultTargetUpdateColumns":"","fieldMappingParameterized":"true","supportApplyDDLChanges":"false","originalPath":"Target"},"targetConnectionId":"@3deLqjHJjBPit7uLf2I4UF","targetObject":"GCS/TEST/111Biogen_TGT_TEST","targetObjectLabel":"111Biogen_TGT_TEST","newFlatFile":false,"newObject":false,"showBusinessNames":true,"naturalOrder":true,"truncateTarget":false,"bulkApiDBTarget":false,"operationType":"Insert","customFuncCfg":{"@type":"customFuncConfig","id":-1,"connections":[],"inputMap":[],"outputFields":[]},"targetRefsV2":{},"targetUpdateColumns":[],"extendedObject":{"@type":"extendedObject","singleMode":true,"filters":[],"sortFields":[]},"runtimeAttrs":{},"isRESTModernSource":true,"isFileList":false,"handleSpecialChars":false,"handleDecimalRoundOff":false,"frsAsset":false,"dynamicFileName":false,"excludeDynamicFileNameField":false,"currentlyProcessedFileName":false,"retainFieldMetadata":false,"objectName":"GCS/TEST/111Biogen_TGT_TEST","objectLabel":"111Biogen_TGT_TEST","useExactSrcNames":false,"userUpdated":true,"tgtObjectAttributes":{},"runtimeParameterData":{"@type":"mtTaskRuntimeParameterData","isConnectionRuntimeParameter":false,"isObjectRuntimeParameter":false,"objectParameterName":"tgt_obj"},"overridableProperties":[],"overriddenFields":[]},{"@type":"mtTaskParameter","id":379904011,"name":"$CurrentMappingName$","type":"STRING","text":"'m_stage_mn_ivd_rec_check_item_sum_status'","label":"CurrentMappingName","description":"","uiProperties":{"paramName":"CurrentMappingName","paramLabel":"","paramType-mapping":"String","default":"'m_stage_mn_ivd_rec_check_item_sum_status'","originalPath":"Expression"},"newFlatFile":false,"newObject":false,"showBusinessNames":true,"naturalOrder":true,"truncateTarget":false,"bulkApiDBTarget":false,"customFuncCfg":{"@type":"customFuncConfig","id":-1,"connections":[],"inputMap":[],"outputFields":[]},"targetRefsV2":{},"targetUpdateColumns":[],"runtimeAttrs":{},"isRESTModernSource":true,"isFileList":false,"handleSpecialChars":false,"handleDecimalRoundOff":false,"frsAsset":false,"dynamicFileName":false,"excludeDynamicFileNameField":false,"currentlyProcessedFileName":false,"retainFieldMetadata":false,"useExactSrcNames":false,"userUpdated":true,"tgtObjectAttributes":{},"runtimeParameterData":{"@type":"mtTaskRuntimeParameterData","isConnectionRuntimeParameter":false,"isObjectRuntimeParameter":false},"overridableProperties":[],"overriddenFields":[]},{"@type":"mtTaskParameter","id":379904014,"name":"$field_map$","type":"STRING","text":"decimal (38, 0) ID=SOURCE_ID;decimal (38, 0) TRANSACTION_ID=TRANSACTION_ID;date/time (29, 9) CREATE_DATE=CREATE_DATE;nstring (25, 0) REBATE_FEE_KEY=REBATE_FEE_KEY;nstring (25, 0) PRODUCT=PRODUCT;nstring (11, 0) NDC11=NDC11;nstring (9, 0) NDC9=NDC9;nstring (100, 0) PRODUCT_DESC=PRODUCT_DESC;nstring (25, 0) EXTERNAL_PRODUCT_KEY=EXTERNAL_PRODUCT_KEY;nstring (50, 0) SIN=SIN1;decimal (22, 7) PROD_SIZE_CNV=PROD_SIZE_CNV;decimal (22, 7) MEDI_UNITS_PER_PKG=MEDI_UNITS_PER_PKG;nstring (25, 0) TRAN_TYPE=TRAN_TYPE;nstring (25, 0) ORDER_TYPE=ORDER_TYPE;nstring (25, 0) INVOICE_TYPE=INVOICE_TYPE;nstring (30, 0) INVOICE_NUMBER=INVOICE_NUMBER;nstring (25, 0) REBATE_FEE_NUMBER=REBATE_FEE_NUMBER;date/time (29, 9) INVOICE_DATE=INVOICE_DATE;date/time (29, 9) SETTLEMENT_DATE=SETTLEMENT_DATE;date/time (29, 9) PERIOD_START_DATE=PERIOD_START_DATE;date/time (29, 9) PERIOD_END_DATE=PERIOD_END_DATE;nstring (10, 0) MARKET_TYPE=MARKET_TYPE;decimal (22, 7) INVOICE_AMOUNT=INVOICE_AMOUNT;decimal (22, 7) INVOICE_PKG_QTY=INVOICE_PKG_QTY;decimal (22, 7) INVOICE_UNIT_QTY=INVOICE_UNIT_QTY;decimal (22, 7) WAC_PRICE_PKG=WAC_PRICE_PKG;decimal (22, 7) WAC_PRICE_UNIT=WAC_PRICE_UNIT;decimal (22, 7) REBATE_TIER_PERCENT=REBATE_TIER_PERCENT;decimal (22, 7) REBATE_FEE_AMOUNT=REBATE_FEE_AMOUNT;decimal (22, 7) REBATE_FEE_AMOUNT_UNIT=REBATE_FEE_AMOUNT_UNIT;nstring (10, 0) REBATE_FEE_IND=REBATE_FEE_IND;nstring (25, 0) CUSTOMER_NUMBER=CUSTOMER_NUMBER;nstring (80, 0) CUSTOMER_SOURCE_ID=CUSTOMER_SOURCE_ID;nstring (200, 0) CUSTOMER_NAME=CUSTOMER_NAME;nstring (30, 0) CUSTOMER_STATE=CUSTOMER_STATE;nstring (25, 0) CONTRACT=CONTRACT;decimal (38, 0) CONTRACT_SEQ_NUMBER=CONTRACT_SEQ_NUMBER;nstring (25, 0) CONTRACT_OWNER_NUMBER=CONTRACT_OWNER_NUMBER;nstring (80, 0) CONTRACT_OWNER_SOURCE_ID=CONTRACT_OWNER_SOURCE_ID;nstring (200, 0) CONTRACT_OWNER_NAME=CONTRACT_OWNER_NAME;nstring (25, 0) CONTRACT_OWNER_COT=CONTRACT_OWNER_COT;nstring (100, 0) CONTRACT_OWNER_COT_DESC=CONTRACT_OWNER_COT_DESC;decimal (22, 7) NET_PRICE_PKG=NET_PRICE_PKG;decimal (22, 7) NET_PRICE_UNIT=NET_PRICE_UNIT;date/time (29, 9) DISPENSE_DATE=DISPENSE_DATE;nstring (30, 0) PRICE_GROUP=PRICE_GROUP;decimal (22, 7) BASIS_PRICE_UNIT=BASIS_PRICE_UNIT;decimal (22, 7) EXTENDED_WAC_AMOUNT=EXTENDED_WAC_AMOUNT;decimal (22, 7) ADJUSTED_REBATE_VALUE_01=ADJUSTED_REBATE_VALUE_01;decimal (22, 7) ADJUSTED_REBATE_VALUE_02=ADJUSTED_REBATE_VALUE_02;decimal (22, 7) ADJUSTED_REBATE_VALUE_03=ADJUSTED_REBATE_VALUE_03;decimal (22, 7) ADJUSTED_REBATE_VALUE_04=ADJUSTED_REBATE_VALUE_04;decimal (22, 7) ADJUSTED_REBATE_VALUE_05=ADJUSTED_REBATE_VALUE_05;nstring (25, 0) ACCOUNTING_CODE=ACCOUNTING_CODE;decimal (38, 0) CONTRACT_NUMBER=CONTRACT_NUMBER;nstring (30, 0) CONTRACT_OWNER_STATE=CONTRACT_OWNER_STATE;nstring (100, 0) CONTRACT_TITLE=CONTRACT_TITLE;nstring (25, 0) CUSTOMER_COT=CUSTOMER_COT;nstring (100, 0) CUSTOMER_COT_DESC=CUSTOMER_COT_DESC;nstring (50, 0) CMS_AMP_CATEGORY=CMS_AMP_CATEGORY;nstring (50, 0) DRUG_CATEGORY=DRUG_CATEGORY;decimal (22, 7) PACKAGE_SIZE=PACKAGE_SIZE;decimal (22, 7) UNITS_PER_PACKAGE_SIZE=UNITS_PER_PACKAGE_SIZE;decimal (38, 0) PRICE_GROUP_NUM=PRICE_GROUP_NUM;nstring (50, 0) PRICE_GROUP_DESCR=PRICE_GROUP_DESCR;nstring (25, 0) UNIT_TYPE=UNIT_TYPE;nstring (25, 0) TRAN_SOURCE_CODE=TRAN_SOURCE_CODE;decimal (38, 0) ADJ_STATUS_NUMBER=ADJ_STATUS_NUMBER;decimal (38, 0) ADJITEM_STATUS_NUMBER=ADJITEM_STATUS_NUMBER;decimal (38, 0) SUBMISSION_LINE_NUM=SUBMISSION_LINE_NUM;nstring (1, 0) REC__CURRENT_ROW=REC__CURRENT_ROW;nstring (300, 0) REC__RECORD_KEY=REC__RECORD_KEY;date/time (29, 9) REC__EFFECTIVE_DATE=REC__EFFECTIVE_DATE;date/time (29, 9) REC__EXPIRATION_DATE=REC__EXPIRATION_DATE;nstring (25, 0) BOB_TYPE_ID=FORMULARY_ID_OR_BOB_CODE;nstring (100, 0) BOB_TYPE_DESC=BOB_DESCRIPTION;date/time (29, 9) LAST_EDIT_DATE=last_edit_date;nstring (1000, 0) LAST_EDIT_USER=last_edit_user;","label":"field_map","description":"","uiProperties":{"paramName":"field_map","paramLabel":"","paramType-mapping":"FieldMapping","paramtype":"Fieldmap","supressFieldmappingSuffix":"true","lefttitle":"Incoming Fields","righttitle":"Target Fields","isPwxMultiGroupFieldMapping":"false","objlabel":"Target Field Group:","originalPath":"Target"},"newFlatFile":false,"newObject":false,"showBusinessNames":true,"naturalOrder":true,"truncateTarget":false,"bulkApiDBTarget":false,"customFuncCfg":{"@type":"customFuncConfig","id":-1,"connections":[],"inputMap":[],"outputFields":[]},"targetRefsV2":{},"targetUpdateColumns":[],"runtimeAttrs":{},"isRESTModernSource":true,"isFileList":false,"handleSpecialChars":false,"handleDecimalRoundOff":false,"frsAsset":false,"dynamicFileName":false,"excludeDynamicFileNameField":false,"currentlyProcessedFileName":false,"retainFieldMetadata":false,"useExactSrcNames":false,"userUpdated":true,"tgtObjectAttributes":{},"runtimeParameterData":{"@type":"mtTaskRuntimeParameterData","isConnectionRuntimeParameter":false,"isObjectRuntimeParameter":false},"overridableProperties":[],"overriddenFields":[]}],"sequences":[],"inOutParameters":[],"connRuntimeAttrs":[]}]